locus_id	CHR	locus_start	locus_end
chr1_locus0	1	2035379	2141985
chr1_locus1	1	15801214	16692566
chr1_locus2	1	18776939	18818701
chr1_locus3	1	23283362	23733304
chr1_locus4	1	26987646	27298564
chr1_locus5	1	28540221	28568976
chr1_locus6	1	43701201	43749755
chr1_locus7	1	45797505	46609736
chr1_locus8	1	48002447	48002447
chr1_locus9	1	53581670	53581670
chr1_locus10	1	55718708	55723441
chr1_locus11	1	56524552	56943398
chr1_locus12	1	67365089	68009663
chr1_locus13	1	78023173	78712984
chr1_locus14	1	82910673	82962840
chr1_locus15	1	94026861	94066635
chr1_locus16	1	100799044	101027157
chr1_locus17	1	109807283	110074967
chr1_locus18	1	113056408	113301410
chr1_locus19	1	115236057	115236057
chr1_locus20	1	117017540	117021151
chr1_locus21	1	149999059	151182876
chr1_locus22	1	155058663	156202868
chr1_locus23	1	163581663	163760257
chr1_locus24	1	170649277	170649279
chr1_locus25	1	171410491	172368310
chr1_locus26	1	180905694	180909061
chr1_locus27	1	182946746	183105705
chr1_locus28	1	184672098	185371215
chr1_locus29	1	186396508	186777696
chr1_locus30	1	200893960	201016296
chr1_locus31	1	205537858	205544671
chr1_locus32	1	207193177	207251518
chr1_locus33	1	208027141	208055692
chr1_locus34	1	214725561	214773220
chr1_locus35	1	220983017	221032881
chr1_locus36	1	228362682	228532195
chr1_locus37	1	243265536	243608967
chr2_locus0	2	144588	305203
chr2_locus1	2	12084155	12117609
chr2_locus2	2	15723095	15822228
chr2_locus3	2	18671795	18691613
chr2_locus4	2	25935370	26104561
chr2_locus5	2	27153318	28445853
chr2_locus6	2	40680149	40748216
chr2_locus7	2	43419493	43864089
chr2_locus8	2	46528614	46537056
chr2_locus9	2	54556416	55037005
chr2_locus10	2	66652955	66680892
chr2_locus11	2	73529077	74120181
chr2_locus12	2	101599338	101799389
chr2_locus13	2	103025501	103178223
chr2_locus14	2	113967075	113993344
chr2_locus15	2	120545835	121321830
chr2_locus16	2	121970361	122037415
chr2_locus17	2	135357705	135386474
chr2_locus18	2	137074132	137074132
chr2_locus19	2	148454344	148956584
chr2_locus20	2	152205449	152481977
chr2_locus21	2	159809088	159941392
chr2_locus22	2	169995581	170236399
chr2_locus23	2	176574516	178368343
chr2_locus24	2	179545859	179691285
chr2_locus25	2	183028456	183212777
chr2_locus26	2	187853717	188267470
chr2_locus27	2	211244863	211904482
chr2_locus28	2	213841096	214012225
chr2_locus29	2	217570723	217714948
chr2_locus30	2	219276138	219658170
chr2_locus31	2	220300965	220384552
chr2_locus32	2	227201709	227344207
chr2_locus33	2	230576208	230826792
chr2_locus34	2	233557043	233754364
chr3_locus0	3	12054707	12313846
chr3_locus1	3	19992812	20298061
chr3_locus2	3	25357637	25442051
chr3_locus3	3	30749665	30758956
chr3_locus4	3	38417345	38601237
chr3_locus5	3	48411735	50008118
chr3_locus6	3	52507719	53101224
chr3_locus7	3	63787162	64061581
chr3_locus8	3	105374702	105593981
chr3_locus9	3	121350573	122113341
chr3_locus10	3	125879456	125964739
chr3_locus11	3	132184093	132237904
chr3_locus12	3	135625498	136656593
chr3_locus13	3	141126825	141991968
chr3_locus14	3	153758155	153872445
chr3_locus15	3	169042352	169168017
chr3_locus16	3	185273510	185840443
chr3_locus17	3	186414243	186453065
chr3_locus18	3	193787978	193817244
chr3_locus19	3	195622298	195635432
chr3_locus20	3	196788438	197022240
chr4_locus0	4	3443931	3452345
chr4_locus1	4	10090930	10272429
chr4_locus2	4	23723208	23813109
chr4_locus3	4	40420437	40421568
chr4_locus4	4	52696792	52696792
chr4_locus5	4	54263624	54368586
chr4_locus6	4	77013191	77707209
chr4_locus7	4	81157703	81207963
chr4_locus8	4	103394414	104362750
chr4_locus9	4	109693455	109751651
chr4_locus10	4	115460025	115631654
chr4_locus11	4	127869603	128345352
chr4_locus12	4	129522518	129541482
chr4_locus13	4	143897600	144355290
chr5_locus0	5	423385	1194030
chr5_locus1	5	34453048	34540121
chr5_locus2	5	39197725	40217324
chr5_locus3	5	44737710	44941630
chr5_locus4	5	52749884	53654172
chr5_locus5	5	67736940	68747047
chr5_locus6	5	78310191	78328217
chr5_locus7	5	97911851	97911851
chr5_locus8	5	130248091	130489457
chr5_locus9	5	131340702	132445760
chr5_locus10	5	148524820	148524820
chr5_locus11	5	176477828	176943694
chr6_locus0	6	2501535	2504051
chr6_locus1	6	6997161	7258523
chr6_locus2	6	20417976	20442354
chr6_locus3	6	24186590	24347883
chr6_locus4	6	25691362	32774291
chr6_locus5	6	34094919	34381136
chr6_locus6	6	41652514	41708938
chr6_locus7	6	43234901	44030011
chr6_locus8	6	51307364	51703012
chr6_locus9	6	52613481	52738427
chr6_locus10	6	90046171	90127390
chr6_locus11	6	100888625	100906046
chr6_locus12	6	108855086	109036081
chr6_locus13	6	130321899	130420941
chr6_locus14	6	131814278	131926180
chr6_locus15	6	133788976	134232194
chr6_locus16	6	154833508	154989968
chr6_locus17	6	160337085	161010118
chr7_locus0	7	1267600	1325122
chr7_locus1	7	17280513	17392620
chr7_locus2	7	25696199	25802471
chr7_locus3	7	26565493	26583752
chr7_locus4	7	27238287	27238287
chr7_locus5	7	32898234	33138472
chr7_locus6	7	41016411	41068572
chr7_locus7	7	46708387	46796166
chr7_locus8	7	50732659	50876673
chr7_locus9	7	55952097	56162172
chr7_locus10	7	65200393	66437208
chr7_locus11	7	75607155	75852480
chr7_locus12	7	77112367	77606056
chr7_locus13	7	101799856	101907824
chr7_locus14	7	113349793	113702000
chr7_locus15	7	127263478	127702448
chr7_locus16	7	128562647	128756402
chr7_locus17	7	129408563	129685597
chr7_locus18	7	150690176	150798980
chr7_locus19	7	151371120	151465390
chr7_locus20	7	155597936	156427201
chr8_locus0	8	8088877	11895009
chr8_locus1	8	22449484	22541510
chr8_locus2	8	23613260	23797763
chr8_locus3	8	32295903	32428968
chr8_locus4	8	66692011	66692011
chr8_locus5	8	76345925	76562070
chr8_locus6	8	87244582	87562786
chr8_locus7	8	102683600	102683600
chr8_locus8	8	110106246	110107825
chr8_locus9	8	120881101	120992564
chr8_locus10	8	126447308	126507389
chr8_locus11	8	129914248	129947882
chr8_locus12	8	134332960	134332960
chr8_locus13	8	144886628	145154222
chr9_locus0	9	33123133	33148631
chr9_locus1	9	33671779	34130435
chr9_locus2	9	71041532	71604123
chr9_locus3	9	92285323	92285323
chr9_locus4	9	95883958	95887320
chr9_locus5	9	119158814	119485337
chr9_locus6	9	136141870	136155000
chr9_locus7	9	136927088	136942560
chr9_locus8	9	139094805	139110654
chr9_locus9	9	140071411	140114365
chr10_locus0	10	752898	1229915
chr10_locus1	10	29780468	29782025
chr10_locus2	10	35031758	35150364
chr10_locus3	10	50908064	51128662
chr10_locus4	10	52478264	52649193
chr10_locus5	10	63785089	63801030
chr10_locus6	10	69912278	70394649
chr10_locus7	10	75884964	76233448
chr10_locus8	10	82057988	82218106
chr10_locus9	10	88845190	88845190
chr10_locus10	10	93672392	93816485
chr10_locus11	10	94761925	94846093
chr10_locus12	10	97244449	97297823
chr10_locus13	10	104166464	105205302
chr10_locus14	10	120248713	120262844
chr10_locus15	10	126305434	126564349
chr10_locus16	10	131278410	131278410
chr11_locus0	11	408174	408174
chr11_locus1	11	2073913	2191709
chr11_locus2	11	2766234	2818796
chr11_locus3	11	5545271	5584496
chr11_locus4	11	8030988	8051791
chr11_locus5	11	9909127	10270418
chr11_locus6	11	15769438	15923185
chr11_locus7	11	30571347	31434104
chr11_locus8	11	47377283	48621259
chr11_locus9	11	50508043	50557698
chr11_locus10	11	51421909	51533354
chr11_locus11	11	55040412	55343517
chr11_locus12	11	57401183	57659832
chr11_locus13	11	65143892	65776304
chr11_locus14	11	68817441	69244076
chr11_locus15	11	77917305	78271614
chr11_locus16	11	111196937	111223445
chr11_locus17	11	114032484	114032484
chr11_locus18	11	119255795	119355134
chr11_locus19	11	121571609	121661507
chr11_locus20	11	128349430	128349430
chr12_locus0	12	315390	554331
chr12_locus1	12	3217586	3429915
chr12_locus2	12	4588248	4593690
chr12_locus3	12	12205282	12210001
chr12_locus4	12	15247238	15513602
chr12_locus5	12	48582973	48780358
chr12_locus6	12	50267335	50267335
chr12_locus7	12	51172133	51297985
chr12_locus8	12	52305069	52318378
chr12_locus9	12	54009395	54055485
chr12_locus10	12	57645789	57844049
chr12_locus11	12	76271183	76271975
chr12_locus12	12	82164673	82238350
chr12_locus13	12	111932800	111932800
chr12_locus14	12	112553032	112553032
chr12_locus15	12	121065826	121470591
chr13_locus0	13	27749313	27818050
chr13_locus1	13	42677238	42787040
chr13_locus2	13	48623959	48699339
chr13_locus3	13	50237255	51235165
chr13_locus4	13	72331984	72401045
chr13_locus5	13	73392596	74184014
chr13_locus6	13	96068204	96068204
chr13_locus7	13	111015628	111038803
chr14_locus0	14	31698651	31935271
chr14_locus1	14	37607970	38074239
chr14_locus2	14	50655307	50849397
chr14_locus3	14	54411696	54418411
chr14_locus4	14	73080440	74096048
chr14_locus5	14	88788507	89116518
chr14_locus6	14	93068516	93407771
chr14_locus7	14	96659919	96664898
chr14_locus8	14	100752644	100772800
chr14_locus9	14	102956489	102987884
chr15_locus0	15	39213851	39324646
chr15_locus1	15	41241567	41795900
chr15_locus2	15	45364892	46001225
chr15_locus3	15	53781223	54096982
chr15_locus4	15	57775826	57830151
chr15_locus5	15	62756233	62808539
chr15_locus6	15	63324048	63642284
chr15_locus7	15	67445701	67661784
chr15_locus8	15	74461720	77253196
chr15_locus9	15	78997922	79082431
chr15_locus10	15	81143074	81171790
chr15_locus11	15	83363956	83727830
chr15_locus12	15	85162553	85372645
chr15_locus13	15	99248018	99320851
chr16_locus0	16	3544040	3747042
chr16_locus1	16	20316843	21089905
chr16_locus2	16	28824685	28937259
chr16_locus3	16	51163406	51790815
chr16_locus4	16	53156995	53375964
chr16_locus5	16	68294800	68427182
chr16_locus6	16	69548788	69818983
chr16_locus7	16	71596005	71995038
chr16_locus8	16	73011577	73063054
chr16_locus9	16	79831895	79942776
chr16_locus10	16	88973937	89938144
chr17_locus0	17	1958536	2008278
chr17_locus1	17	12134186	12139964
chr17_locus2	17	17347995	17731651
chr17_locus3	17	19289286	19633055
chr17_locus4	17	34831226	34961051
chr17_locus5	17	37067061	38211383
chr17_locus6	17	45959620	46242955
chr17_locus7	17	54741088	54778904
chr17_locus8	17	58813056	59528544
chr17_locus9	17	65368899	65396360
chr17_locus10	17	66424182	66487837
chr17_locus11	17	79527649	79654808
chr18_locus0	18	5573994	5615156
chr18_locus1	18	24447936	24452435
chr18_locus2	18	42733710	42787046
chr18_locus3	18	46458950	46497298
chr18_locus4	18	59240586	59382875
chr18_locus5	18	77150335	77197508
chr19_locus0	19	12999458	13054781
chr19_locus1	19	14588476	14588476
chr19_locus2	19	18383506	18733355
chr19_locus3	19	19379549	19721722
chr19_locus4	19	33029646	33468596
chr19_locus5	19	36342212	36343079
chr19_locus6	19	36997147	38473275
chr19_locus7	19	39138948	39277154
chr19_locus8	19	40731371	40862872
chr19_locus9	19	45387459	45428234
chr19_locus10	19	49214066	49236465
chr19_locus11	19	53357172	53357172
chr20_locus0	20	1328766	1348700
chr20_locus1	20	2799897	2800848
chr20_locus2	20	31924680	31925189
chr20_locus3	20	32533524	34344782
chr20_locus4	20	39629400	39970544
chr20_locus5	20	43034016	43034016
chr20_locus6	20	52705330	52790786
chr20_locus7	20	55990405	56146503
chr20_locus8	20	57457769	57477812
chr20_locus9	20	60551677	60946189
chr20_locus10	20	62139177	62912731
chr21_locus0	21	16488686	16802554
chr21_locus1	21	35260961	35389232
chr21_locus2	21	37802629	37836477
chr22_locus0	22	30111302	31046315
chr22_locus1	22	36539804	36556823
chr22_locus2	22	38505746	38614129
chr22_locus3	22	40445157	41062014
chr22_locus4	22	42297922	43154299
chr22_locus5	22	50716480	50836855
