MARKERNAME	A1	A2	N	EAF	BETA	SE	P	DIRECTION	MAC	CHR	BP	P_GC	SE_GC	SNP	P_ANALYSIS	locus_id
1:2060732:C_T	t	c	1150150.0	0.6044	0.0017	0.0003	2.57e-11	++	909998.68	1	2060732	3.993e-9	0.00034	rs10797427	3.993e-9	chr1_locus0
1:15911947:G_T	t	g	1159620.0	0.3404	-0.003	0.0003	1.105e-30	--	789469.296	1	15911947	2.985e-24	0.00034	rs45619934	2.985e-24	chr1_locus1
1:18809916:A_G	a	g	1197250.0	0.2999	-0.0022	0.0003	2.74e-16	--	718110.55	1	18809916	5.155e-13	0.00034	rs12061708	5.155e-13	chr1_locus2
1:23699340:A_G	a	g	1200920.0	0.7093	-0.003	0.0003	5.666e-28	--	698214.888	1	23699340	3.883e-22	0.00034	rs2749153	3.883e-22	chr1_locus3
1:27215079:C_T	t	c	1043920.0	0.9149	-0.0034	0.0005	2.095e-12	--	177675.184	1	27215079	5.612e-10	0.0005667	rs34460334	5.612e-10	chr1_locus4
1:28566173:A_G	a	g	1201900.0	0.285	-0.0018	0.0003	3.449e-11	--	685083.0	1	28566173	5.027e-9	0.00034	rs580114	5.027e-9	chr1_locus5
1:43706662:C_T	t	c	1159620.0	0.3907	-0.0019	0.0003	9.899e-14	--	906127.068	1	43706662	5.153e-11	0.00034	rs2991341	5.153e-11	chr1_locus6
1:45941349:G_T	t	g	1200730.0	0.2548	-0.0024	0.0003	4.492e-19	--	611892.008	1	45941349	3.436e-15	0.00034	rs12037201	3.436e-15	chr1_locus7
1:48002447:A_G	a	g	972754.0	0.8667	-0.0025	0.0004	1.947e-10	--	259336.2164	1	48002447	1.95e-8	0.0004533	rs688540	1.95e-8	chr1_locus8
1:53581670:A_G	a	g	1153040.0	0.5826	-0.0016	0.0003	5.81e-10	--	962557.792	1	53581670	4.592e-8	0.00034	rs3820201	4.592e-8	chr1_locus9
1:55718708:A_C	a	c	1039940.0	0.1845	0.0025	0.0003	1.147e-13	++	383737.86	1	55718708	5.782e-11	0.00034	rs17413465	5.782e-11	chr1_locus10
1:56615809:A_G	a	g	1192700.0	0.3413	0.0023	0.0003	1.662e-19	++	814137.02	1	56615809	1.58e-15	0.00034	rs1757915	1.58e-15	chr1_locus11
1:67507387:A_G	a	g	1159620.0	0.6614	-0.0018	0.0003	1.409e-11	--	785294.664	1	67507387	2.494e-9	0.00034	rs2815374	2.494e-9	chr1_locus12
1:78023173:C_T	t	c	1196300.0	0.2362	0.0026	0.0003	2.111e-15	++	565132.12	1	78023173	2.543e-12	0.00034	rs7536433	2.543e-12	chr1_locus13
1:82957871:C_G	c	g	1201560.0	0.6263	-0.0024	0.0003	6.075e-20	--	898045.944	1	82957871	7.201e-16	0.00034	rs1887252	7.201e-16	chr1_locus14
1:94051350:A_C	a	c	1159620.0	0.7737	-0.0025	0.0003	7.118e-15	--	524844.012	1	94051350	6.577e-12	0.00034	rs7514579	6.577e-12	chr1_locus15
1:100818728:G_T	t	g	1196300.0	0.7145	0.0024	0.0003	5.059e-20	++	683087.3	1	100818728	6.242e-16	0.00034	rs17420882	6.242e-16	chr1_locus16
1:110009171:C_T	t	c	1162620.0	0.7024	0.0031	0.0003	1.879e-24	++	691991.424	1	110009171	2.171e-19	0.00034	rs4970765	2.171e-19	chr1_locus17
1:113258293:C_G	c	g	1031540.0	0.8705	0.0057	0.0004	4.858e-45	++	267168.86	1	113258293	1.903e-35	0.0004533	rs12736457	1.903e-35	chr1_locus18
1:115236057:A_G	a	g	996165.0	0.1288	0.0028	0.0004	2.344e-10	++	256612.104	1	115236057	2.255e-8	0.0004533	rs17602729	2.255e-8	chr1_locus19
1:117021122:A_G	a	g	1159120.0	0.2006	0.0022	0.0003	1.477e-11	++	465038.944	1	117021122	2.588e-9	0.00034	rs57445665	2.588e-9	chr1_locus20
1:150940625:G_T	t	g	1192500.0	0.7901	-0.0051	0.0003	8.31e-57	--	500611.5	1	150940625	1.281e-44	0.00034	rs267738	1.281e-44	chr1_locus21
1:155143946:C_T	t	c	1054720.0	0.8799	-0.0028	0.0004	6.52e-12	--	253343.744	1	155143946	1.365e-9	0.0004533	rs4971092	1.365e-9	chr1_locus22
1:163739717:A_G	a	g	1194320.0	0.485	0.0018	0.0003	7.542e-13	++	1158490.4	1	163739717	2.523e-10	0.00034	rs4442348	2.523e-10	chr1_locus23
1:170649277:C_T	t	c	1200940.0	0.3988	0.0019	0.0003	2.938e-13	++	957869.744	1	170649277	1.207e-10	0.00034	rs4656220	1.207e-10	chr1_locus24
1:171478706:A_T	a	t	1115340.0	0.449	0.0022	0.0003	1.612e-17	++	1001575.32	1	171478706	5.633e-14	0.00034	rs6700683	5.633e-14	chr1_locus25
1:180905694:C_T	t	c	1157170.0	0.3409	0.0023	0.0003	3.309e-18	++	788958.506	1	180905694	1.635e-14	0.00034	rs3795503	1.635e-14	chr1_locus26
1:182975102:C_T	t	c	1060060.0	0.4264	-0.0019	0.0003	3.756e-13	--	904019.168	1	182975102	1.462e-10	0.00034	rs9943067	1.462e-10	chr1_locus27
1:184672098:A_G	a	g	991164.0	0.0189	-0.012	0.001	2.189e-30	--	37465.9992	1	184672098	5.088e-24	0.001133	rs78444298	5.088e-24	chr1_locus28
1:186618699:A_C	a	c	1199260.0	0.7097	-0.0021	0.0003	2.794e-14	--	696290.356	1	186618699	1.916e-11	0.00034	rs7539054	1.916e-11	chr1_locus29
1:201016296:A_G	a	g	1174580.0	0.119	0.0049	0.0004	1.585e-32	++	279550.04	1	201016296	1.089e-25	0.0004533	rs3850625	1.089e-25	chr1_locus30
1:205537858:A_G	a	g	1159620.0	0.4036	0.0017	0.0003	1.849e-11	++	936045.264	1	205537858	3.086e-9	0.00034	rs12024377	3.086e-9	chr1_locus31
1:207231751:A_T	a	t	1201560.0	0.4804	0.0021	0.0003	4.133e-16	++	1154458.848	1	207231751	7.108e-13	0.00034	rs2808454	7.108e-13	chr1_locus32
1:208039431:C_G	c	g	1153620.0	0.0597	0.0036	0.0006	2.027e-10	++	137742.228	1	208039431	2.012e-8	0.00068	rs75625374	2.012e-8	chr1_locus33
1:214744893:C_T	t	c	1199770.0	0.2404	0.0024	0.0003	2.157e-13	++	576849.416	1	214744893	9.476e-11	0.00034	rs7535253	9.476e-11	chr1_locus34
1:221001142:A_C	a	c	993896.0	0.9022	-0.004	0.0005	1.416e-17	--	194406.0576	1	221001142	5.091e-14	0.0005667	rs61830291	5.091e-14	chr1_locus35
1:228532195:G_T	t	g	1196300.0	0.5909	0.0017	0.0003	1.287e-10	++	978812.66	1	228532195	1.41e-8	0.00034	rs417237	1.41e-8	chr1_locus36
1:243471192:A_G	a	g	1196020.0	0.4518	-0.0027	0.0003	1.092e-25	--	1080723.672	1	243471192	2.356e-20	0.00034	rs953492	2.356e-20	chr1_locus37
2:227201:C_T	t	c	1200810.0	0.338	-0.0022	0.0003	1.608e-17	--	811747.56	2	227201	5.622e-14	0.00034	rs17713396	5.622e-14	chr2_locus0
2:12085795:A_G	a	g	1201730.0	0.7491	0.0018	0.0003	3.072e-11	++	603028.114	2	12085795	4.592e-9	0.00034	rs1004441	4.592e-9	chr2_locus1
2:15782471:G_T	t	g	1192700.0	0.3927	0.0035	0.0003	4.688e-41	++	936746.58	2	15782471	2.431e-32	0.00034	rs807624	2.431e-32	chr2_locus2
2:18676276:A_G	a	g	1201260.0	0.6863	0.0034	0.0003	1.203e-28	++	753670.524	2	18676276	1.159e-22	0.00034	rs4491726	1.159e-22	chr2_locus3
2:26054368:C_T	t	c	1046020.0	0.0326	-0.0065	0.0008	1.053e-16	--	68200.504	2	26054368	2.442e-13	0.0009067	rs72801857	2.442e-13	chr2_locus4
2:27730940:C_T	t	c	1150400.0	0.4091	0.005	0.0003	3.122e-84	++	941257.28	2	27730940	5.472e-66	0.00034	rs1260326	5.472e-66	chr2_locus5
2:40680149:G_T	t	g	1192700.0	0.7565	-0.0024	0.0003	2.112e-14	--	580844.9	2	40680149	1.539e-11	0.00034	rs2301343	1.539e-11	chr2_locus6
2:43421461:C_T	t	c	1159620.0	0.4957	-0.0026	0.0003	4.79e-24	--	1149647.268	2	43421461	4.506e-19	0.00034	rs12614953	4.506e-19	chr2_locus7
2:46528614:A_G	a	g	1158000.0	0.4985	0.0016	0.0003	1.447e-10	++	1154526.0	2	46528614	1.545e-8	0.00034	rs2346418	1.545e-8	chr2_locus8
2:54787340:C_T	t	c	1159620.0	0.6598	0.0024	0.0003	8.031e-20	++	789005.448	2	54787340	8.955e-16	0.00034	rs12713261	8.955e-16	chr2_locus9
2:66668309:A_G	a	g	1159620.0	0.3808	-0.0018	0.0003	4.701e-12	--	883166.592	2	66668309	1.056e-9	0.00034	rs950965	1.056e-9	chr2_locus10
2:73900900:C_T	t	c	1040520.0	0.7745	-0.0063	0.0003	3.317e-84	--	469274.52	2	73900900	5.737e-66	0.00034	rs10206899	5.737e-66	chr2_locus11
2:101729364:C_G	c	g	1201630.0	0.8459	0.0024	0.0003	5.719e-12	++	370342.366	2	101729364	1.231e-9	0.00034	rs55924910	1.231e-9	chr2_locus12
2:103155075:C_T	t	c	997635.0	0.8686	0.003	0.0004	5.553e-14	++	262178.478	2	103155075	3.279e-11	0.0004533	rs77375846	3.279e-11	chr2_locus13
2:113967075:C_T	t	c	1195190.0	0.6747	0.0025	0.0003	2.734e-21	++	777590.614	2	113967075	6.393e-17	0.00034	rs11123169	6.393e-17	chr2_locus14
2:121306440:A_G	a	g	1190890.0	0.4264	-0.0028	0.0003	7.084e-28	--	1015590.992	2	121306440	4.622e-22	0.00034	rs17050272	4.622e-22	chr2_locus15
2:121996932:A_G	a	g	996438.0	0.1294	0.0043	0.0004	1.408e-26	++	257878.1544	2	121996932	4.764e-21	0.0004533	rs755865	4.764e-21	chr2_locus16
2:135357705:A_G	a	g	1141710.0	0.5531	0.0016	0.0003	2.418e-10	++	1020460.398	2	135357705	2.311e-8	0.00034	rs6707326	2.311e-8	chr2_locus17
2:137074132:A_G	a	g	1195810.0	0.3531	-0.0019	0.0003	8.874e-13	--	844481.022	2	137074132	2.865e-10	0.00034	rs6708702	2.865e-10	chr2_locus18
2:148803672:C_G	c	g	1159620.0	0.6771	0.003	0.0003	1.37e-29	++	748882.596	2	148803672	2.128e-23	0.00034	rs13032786	2.128e-23	chr2_locus19
2:152371733:A_G	a	g	1201830.0	0.6401	0.002	0.0003	9.221e-15	++	865077.234	2	152371733	8.053e-12	0.00034	rs10182296	8.053e-12	chr2_locus20
2:159899188:C_T	t	c	1015920.0	0.3097	0.0018	0.0003	3.629e-11	++	629260.848	2	159899188	5.232e-9	0.00034	rs264608	5.232e-9	chr2_locus21
2:170104938:A_C	a	c	1039920.0	0.0824	-0.0053	0.0005	1.081e-27	--	171378.816	2	170104938	6.428e-22	0.0005667	rs16823029	6.428e-22	chr2_locus22
2:176993583:C_G	c	g	980431.0	0.9724	0.0116	0.0009	4.164e-40	++	54119.7911999999	2	176993583	1.335e-31	0.00102	rs187355703	1.335e-31	chr2_locus23
2:179681330:C_T	t	c	1201880.0	0.3654	0.002	0.0003	2.553e-14	++	878333.904	2	179681330	1.786e-11	0.00034	rs1844334	1.786e-11	chr2_locus24
2:183077254:G_T	t	g	1199260.0	0.5213	0.002	0.0003	7.103e-15	++	1148171.524	2	183077254	6.566e-12	0.00034	rs4666821	6.566e-12	chr2_locus25
2:188168567:A_T	a	t	1198980.0	0.157	-0.0027	0.0004	2.903e-14	--	376479.72	2	188168567	1.974e-11	0.0004533	rs60980181	1.974e-11	chr2_locus26
2:211540507:A_C	a	c	1158670.0	0.3044	-0.007	0.0003	4.91e-116	--	705398.296	2	211540507	9.203e-91	0.00034	rs1047891	9.203e-91	chr2_locus27
2:214012225:C_T	t	c	938492.0	0.0168	-0.0087	0.0012	2.847e-13	--	31533.3312	2	214012225	1.177e-10	0.00136	rs112905092	1.177e-10	chr2_locus28
2:217665788:C_T	t	c	1157170.0	0.4304	0.0037	0.0003	3.259e-47	++	996091.936	2	217665788	3.847e-37	0.00034	rs1548945	3.847e-37	chr2_locus29
2:219284215:A_G	a	g	1199280.0	0.3227	0.0019	0.0003	5.935e-13	++	774015.312	2	219284215	2.092e-10	0.00034	rs55658481	2.092e-10	chr2_locus30
2:220358198:C_T	t	c	1195800.0	0.3297	0.0031	0.0003	7.739e-32	++	788510.52	2	220358198	3.752e-25	0.00034	rs1050816	3.752e-25	chr2_locus31
2:227291731:C_G	c	g	1197380.0	0.8144	-0.0023	0.0003	3.526e-12	--	444467.456	2	227291731	8.434e-10	0.00034	rs11676298	8.434e-10	chr2_locus32
2:230665303:C_T	t	c	1159620.0	0.6639	-0.0019	0.0003	9.751e-13	--	779496.564	2	230665303	3.085e-10	0.00034	rs7592697	3.085e-10	chr2_locus33
2:233633460:A_G	a	g	1192700.0	0.3503	0.0019	0.0003	7.727e-14	++	835605.62	2	233633460	4.245e-11	0.00034	rs1801251	4.245e-11	chr2_locus34
3:12208995:A_T	a	t	1201730.0	0.7376	0.0019	0.0003	1.325e-12	++	630667.904	3	12208995	3.921e-10	0.00034	rs795010	3.921e-10	chr3_locus0
3:20023859:A_G	a	g	1011490.0	0.0131	-0.0083	0.0013	4.219e-11	--	26501.038	3	20023859	5.887e-9	0.001473	rs115814778	5.887e-9	chr3_locus1
3:25424929:C_T	t	c	1158670.0	0.32	-0.002	0.0003	6.664e-15	--	741548.8	3	25424929	6.247e-12	0.00034	rs2306623	6.247e-12	chr3_locus2
3:30749965:A_G	a	g	1196300.0	0.5272	-0.0017	0.0003	6.202e-11	--	1131221.28	3	30749965	7.959e-9	0.00034	rs6779998	7.959e-9	chr3_locus3
3:38440237:C_T	t	c	1201830.0	0.4125	0.0031	0.0003	1.223e-32	++	991509.75	3	38440237	8.897e-26	0.00034	rs13064938	8.897e-26	chr3_locus4
3:49579017:C_T	t	c	1201860.0	0.6963	-0.0024	0.0003	2.018e-19	--	730009.764	3	49579017	1.839e-15	0.00034	rs34293138	1.839e-15	chr3_locus5
3:52891756:A_T	a	t	1159620.0	0.7379	-0.0021	0.0003	4.193e-15	--	607872.804	3	52891756	4.349e-12	0.00034	rs7620706	4.349e-12	chr3_locus6
3:63896543:C_T	t	c	1201780.0	0.8668	0.003	0.0004	5.676e-18	++	320154.192	3	63896543	2.492e-14	0.0004533	rs73117042	2.492e-14	chr3_locus7
3:105455955:C_T	t	c	1196280.0	0.377	-0.0019	0.0003	1.431e-12	--	901995.12	3	105455955	4.164e-10	0.00034	rs2289746	4.164e-10	chr3_locus8
3:121644030:C_T	t	c	1159620.0	0.4839	-0.0028	0.0003	2.07e-28	--	1122280.236	3	121644030	1.77e-22	0.00034	rs2250067	1.77e-22	chr3_locus9
3:125906179:A_G	a	g	1201920.0	0.4081	-0.002	0.0003	4.919e-15	--	981007.104	3	125906179	4.927e-12	0.00034	rs10934753	4.927e-12	chr3_locus10
3:132204810:A_G	a	g	1201650.0	0.4829	-0.0016	0.0003	1.33e-10	--	1160553.57	3	132204810	1.447e-8	0.00034	rs4854645	1.447e-8	chr3_locus11
3:136238860:C_T	t	c	1196300.0	0.3348	0.0022	0.0003	1.117e-17	++	801042.48	3	136238860	4.23e-14	0.00034	rs9812319	4.23e-14	chr3_locus12
3:141759380:C_T	t	c	1201810.0	0.722	-0.0045	0.0003	4.782e-63	--	668206.36	3	141759380	1.757e-49	0.00034	rs7630893	1.757e-49	chr3_locus13
3:153786243:A_T	a	t	1183200.0	0.1421	0.0024	0.0003	1.683e-11	++	336265.44	3	153786243	2.867e-9	0.00034	rs1713842	2.867e-9	chr3_locus14
3:169092038:A_G	a	g	1201540.0	0.8609	0.0029	0.0004	4.074e-16	++	334268.428	3	169092038	7.029e-13	0.0004533	rs76273615	7.029e-13	chr3_locus15
3:185354216:C_G	c	g	1155720.0	0.3166	-0.0031	0.0003	8.193e-32	--	731801.904	3	185354216	3.922e-25	0.00034	rs56065557	3.922e-25	chr3_locus16
3:186433932:G_T	t	g	1198020.0	0.6822	0.003	0.0003	2.42e-29	++	761461.512	3	186433932	3.317e-23	0.00034	rs10439970	3.317e-23	chr3_locus17
3:193811168:A_G	a	g	1120110.0	0.6422	0.0025	0.0003	3.521e-16	++	801550.716	3	193811168	6.271e-13	0.00034	rs9823161	6.271e-13	chr3_locus18
3:195634993:C_T	t	c	974441.0	0.0294	-0.0053	0.0008	1.663e-10	--	57297.1308	3	195634993	1.723e-8	0.0009067	rs13059257	1.723e-8	chr3_locus19
3:196911361:C_T	t	c	1158180.0	0.308	-0.0019	0.0003	3.955e-12	--	713438.88	3	196911361	9.227e-10	0.00034	rs12152266	9.227e-10	chr3_locus20
4:3443931:A_G	a	g	1155350.0	0.4045	0.0018	0.0003	5.076e-12	++	934678.15	4	3443931	1.122e-9	0.00034	rs13108218	1.122e-9	chr4_locus0
4:10090930:A_C	a	c	1159620.0	0.5024	-0.0019	0.0003	3.254e-14	--	1154053.824	4	10090930	2.159e-11	0.00034	rs3775932	2.159e-11	chr4_locus1
4:23736523:A_G	a	g	1201880.0	0.9512	-0.0044	0.0006	1.343e-13	--	117303.488	4	23736523	6.541e-11	0.00068	rs16874052	6.541e-11	chr4_locus2
4:40420437:C_T	t	c	1148180.0	0.6687	-0.0017	0.0003	1.649e-10	--	760784.068	4	40420437	1.712e-8	0.00034	rs166775	1.712e-8	chr4_locus3
4:52696792:A_G	a	g	1199440.0	0.6726	0.0017	0.0003	1.873e-10	++	785393.312	4	52696792	1.892e-8	0.00034	rs9998449	1.892e-8	chr4_locus4
4:54318751:G_T	t	g	1201910.0	0.144	0.0022	0.0003	3.331e-10	++	346150.08	4	54318751	2.97e-8	0.00034	rs62325228	2.97e-8	chr4_locus5
4:77401452:C_T	t	c	1201870.0	0.425	-0.0078	0.0003	2.41e-206	--	1021589.5	4	77401452	4.277e-161	0.00034	rs28817415	4.277e-161	chr4_locus6
4:81181072:A_T	a	t	1159620.0	0.7039	-0.0033	0.0003	3.638e-36	--	686726.964	4	81181072	1.58e-28	0.00034	rs10857147	1.58e-28	chr4_locus7
4:103802824:C_T	t	c	1201920.0	0.6634	-0.003	0.0003	8.739e-30	--	809132.544	4	103802824	1.498e-23	0.00034	rs223317	1.498e-23	chr4_locus8
4:109693926:C_T	t	c	1158170.0	0.4016	0.0021	0.0003	5.443e-16	++	930242.144	4	109693926	8.815e-13	0.00034	rs7687209	8.815e-13	chr4_locus9
4:115498457:A_T	a	t	1201880.0	0.7747	0.0022	0.0003	6.476e-12	++	541567.128	4	115498457	1.357e-9	0.00034	rs71606723	1.357e-9	chr4_locus10
4:128160430:A_G	a	g	1192700.0	0.6453	-0.0018	0.0003	9.527e-13	--	846101.38	4	128160430	3.029e-10	0.00034	rs967532	3.029e-10	chr4_locus11
4:129540393:C_G	c	g	1159120.0	0.6849	0.0019	0.0003	4.703e-13	++	730477.424	4	129540393	1.744e-10	0.00034	rs34442537	1.744e-10	chr4_locus12
4:144122227:A_G	a	g	1201880.0	0.4959	-0.002	0.0003	1.972e-15	--	1192024.584	4	144122227	2.411e-12	0.00034	rs62330280	2.411e-12	chr4_locus13
5:676962:A_G	a	g	1105130.0	0.5028	-0.0025	0.0003	1.113e-22	--	1098941.272	5	676962	5.251e-18	0.00034	rs13159523	5.251e-18	chr5_locus0
5:34504277:A_G	a	g	1162800.0	0.4573	-0.0024	0.0003	1.548e-21	--	1063496.88	5	34504277	4.101e-17	0.00034	rs13157326	4.101e-17	chr5_locus1
5:39401384:G_T	t	g	1159620.0	0.3946	-0.0056	0.0003	1.14e-106	--	915172.104	5	39401384	1.817e-83	0.00034	rs35969577	1.817e-83	chr5_locus2
5:44865854:C_T	t	c	1102830.0	0.3896	0.0018	0.0003	8.865e-12	++	859325.136	5	44865854	1.735e-9	0.00034	rs10040082	1.735e-9	chr5_locus3
5:53304991:C_T	t	c	1047260.0	0.1114	0.0062	0.0004	8.637e-50	++	233329.528	5	53304991	3.772e-39	0.0004533	rs80138475	3.772e-39	chr5_locus4
5:67741066:C_T	t	c	1042260.0	0.8915	0.0056	0.0004	8.631e-41	++	226170.42	5	67741066	3.913e-32	0.0004533	rs11745891	3.913e-32	chr5_locus5
5:78316188:G_T	t	g	1201880.0	0.7245	0.002	0.0003	6.937e-14	++	662235.88	5	78316188	3.902e-11	0.00034	rs2034899	3.902e-11	chr5_locus6
5:97911851:A_G	a	g	1199850.0	0.3592	-0.0016	0.0003	6.454e-10	--	861972.24	5	97911851	4.986e-8	0.00034	rs27028	4.986e-8	chr5_locus7
5:130248091:A_C	a	c	991047.0	0.9728	0.0056	0.0009	2.592e-10	++	53912.9568	5	130248091	2.44e-8	0.00102	rs146192644	2.44e-8	chr5_locus8
5:132404947:A_T	a	t	1062250.0	0.2487	-0.0026	0.0003	5.314e-16	--	528363.15	5	132404947	8.651e-13	0.00034	rs56306291	8.651e-13	chr5_locus9
5:148524820:C_T	t	c	1153280.0	0.6954	0.0018	0.0003	7.448e-11	++	702578.176	5	148524820	9.186e-9	0.00034	rs11743174	9.186e-9	chr5_locus10
5:176801131:A_C	a	c	1186370.0	0.7394	0.0063	0.0003	2.24e-120	++	618336.044	5	176801131	3.827e-94	0.00034	rs10866705	3.827e-94	chr5_locus11
6:2503335:C_T	t	c	1159620.0	0.4913	0.0016	0.0003	1.421e-10	++	1139442.612	6	2503335	1.524e-8	0.00034	rs1772976	1.524e-8	chr6_locus0
6:7131436:A_G	a	g	1004250.0	0.6261	-0.003	0.0003	1.276e-23	--	750978.15	6	7131436	9.682e-19	0.00034	rs11243145	9.682e-19	chr6_locus1
6:20428432:A_C	a	c	1158670.0	0.5157	0.0021	0.0003	1.911e-16	++	1122287.762	6	20428432	3.89e-13	0.00034	rs9465741	3.89e-13	chr6_locus2
6:24237130:G_T	t	g	1062490.0	0.5879	0.0018	0.0003	2.904e-12	++	875704.258	6	24237130	7.246e-10	0.00034	rs1087289	7.246e-10	chr6_locus3
6:31826705:A_G	a	g	1193290.0	0.1501	-0.004	0.0004	1.158e-25	--	358225.658	6	31826705	2.466e-20	0.0004533	rs622076	2.466e-20	chr6_locus4
6:34184374:G_T	t	g	1146490.0	0.0432	0.0062	0.0007	3.341e-18	++	99056.736	6	34184374	1.647e-14	0.0007934	rs141130394	1.647e-14	chr6_locus5
6:41672041:C_G	c	g	1159620.0	0.7315	-0.0028	0.0003	1.249e-25	--	622715.94	6	41672041	2.616e-20	0.00034	rs34357137	2.616e-20	chr6_locus6
6:43806609:A_G	a	g	1195490.0	0.7032	-0.0054	0.0003	5.1e-93	--	709642.864	6	43806609	7.813e-73	0.00034	rs881858	7.813e-73	chr6_locus7
6:51492862:C_T	t	c	1158180.0	0.3606	-0.0022	0.0003	4.076e-17	--	835279.416	6	51492862	1.163e-13	0.00034	rs12212034	1.163e-13	chr6_locus8
6:52630153:C_T	t	c	1200420.0	0.6589	-0.002	0.0003	2.082e-14	--	818926.524	6	52630153	1.522e-11	0.00034	rs6458868	1.522e-11	chr6_locus9
6:90118764:A_G	a	g	1157220.0	0.1993	-0.0027	0.0003	3.359e-16	--	461267.892	6	90118764	6.045e-13	0.00034	rs72912510	6.045e-13	chr6_locus10
6:100894587:A_G	a	g	1191260.0	0.2938	0.0018	0.0003	6.329e-11	++	699984.376	6	100894587	8.087e-9	0.00034	rs1857859	8.087e-9	chr6_locus11
6:108975646:A_G	a	g	1199200.0	0.153	0.0034	0.0003	9.81e-23	++	366955.2	6	108975646	4.758e-18	0.00034	rs9480867	4.758e-18	chr6_locus12
6:130374461:A_T	a	t	1200190.0	0.7379	0.003	0.0003	1.99e-21	++	629139.598	6	130374461	4.989e-17	0.00034	rs7740107	4.989e-17	chr6_locus13
6:131876637:A_G	a	g	1120110.0	0.759	0.003	0.0003	6.202e-21	++	539893.02	6	131876637	1.212e-16	0.00034	rs2781649	1.212e-16	chr6_locus14
6:133800545:A_G	a	g	1158180.0	0.3138	0.0024	0.0003	1.111e-20	++	726873.768	6	133800545	1.911e-16	0.00034	rs34950020	1.911e-16	chr6_locus15
6:154986664:A_G	a	g	1182520.0	0.8474	0.003	0.0004	3.148e-17	++	360905.104	6	154986664	9.504e-14	0.0004533	rs9397738	9.504e-14	chr6_locus16
6:160628557:C_T	t	c	1158180.0	0.8794	0.0084	0.0004	1.07e-96	++	279353.016	6	160628557	1.065e-75	0.0004533	rs3119304	1.065e-75	chr6_locus17
7:1286567:G_T	t	g	1057620.0	0.6447	-0.0066	0.0003	8.01e-99	--	751544.772	7	1286567	2.353e-77	0.00034	rs62435145	2.353e-77	chr7_locus0
7:17287269:A_T	a	t	1197150.0	0.4043	-0.0023	0.0003	1.13e-19	--	968015.49	7	17287269	1.169e-15	0.00034	rs6968865	1.169e-15	chr7_locus1
7:25791691:C_T	t	c	1159620.0	0.3245	-0.0022	0.0003	1.128e-16	--	752593.38	7	25791691	2.576e-13	0.00034	rs11768336	2.576e-13	chr7_locus2
7:26577894:A_T	a	t	1201780.0	0.6171	0.0017	0.0003	2.613e-11	++	920323.124	7	26577894	4.045e-9	0.00034	rs10241879	4.045e-9	chr7_locus3
7:27238287:C_T	t	c	1026140.0	0.0253	0.0056	0.0009	5.235e-10	++	51922.684	7	27238287	4.232e-8	0.00102	rs73073442	4.232e-8	chr7_locus4
7:32930876:G_T	t	g	1159620.0	0.5917	-0.0022	0.0003	6.598e-18	--	946945.692	7	32930876	2.803e-14	0.00034	rs3750081	2.803e-14	chr7_locus5
7:41058349:C_T	t	c	1191940.0	0.0709	-0.0052	0.0007	1.602e-14	--	169017.092	7	41058349	1.24e-11	0.0007934	rs2158812	1.24e-11	chr7_locus6
7:46753684:C_G	c	g	1201580.0	0.3316	0.0032	0.0003	1.094e-35	++	796887.856	7	46753684	3.73e-28	0.00034	rs700753	3.73e-28	chr7_locus7
7:50751250:A_G	a	g	1201930.0	0.8992	0.0038	0.0004	1.139e-18	++	242309.088	7	50751250	7.107e-15	0.0004533	rs148635648	7.107e-15	chr7_locus8
7:56104388:C_T	t	c	1201180.0	0.6936	-0.0018	0.0003	5.064e-12	--	736083.104	7	56104388	1.12e-9	0.00034	rs4275190	1.12e-9	chr7_locus9
7:65609817:A_G	a	g	1200870.0	0.5569	-0.0019	0.0003	4.639e-14	--	1064210.994	7	65609817	2.848e-11	0.00034	rs35072105	2.848e-11	chr7_locus10
7:75612803:C_T	t	c	1201770.0	0.3049	0.0027	0.0003	1.896e-23	++	732839.346	7	75612803	1.319e-18	0.00034	rs41301394	1.319e-18	chr7_locus11
7:77573156:A_G	a	g	1201720.0	0.2713	-0.0041	0.0003	5.91e-54	--	652053.272	7	77573156	2.14e-42	0.00034	rs848446	2.14e-42	chr7_locus12
7:101902605:C_T	t	c	1159620.0	0.3126	0.002	0.0003	1.236e-14	++	724994.424	7	101902605	1.013e-11	0.00034	rs59860440	1.013e-11	chr7_locus13
7:113362799:A_G	a	g	1030500.0	0.4518	-0.0019	0.0003	2.266e-13	--	931159.8	7	113362799	9.848e-11	0.00034	rs13245051	9.848e-11	chr7_locus14
7:127566637:A_G	a	g	898939.0	0.2883	0.0025	0.0003	7.288e-16	++	518328.2274	7	127566637	1.107e-12	0.00034	rs9649512	1.107e-12	chr7_locus15
7:128576086:C_T	t	c	1158180.0	0.5699	0.0027	0.0003	6.54e-27	++	996266.436	7	128576086	2.619e-21	0.00034	rs3757387	2.619e-21	chr7_locus16
7:129564134:C_T	t	c	1200420.0	0.8201	-0.0027	0.0003	3.867e-15	--	431911.116	7	129564134	4.082e-12	0.00034	rs62491533	4.082e-12	chr7_locus17
7:150690176:C_T	t	c	1017730.0	0.0826	-0.0033	0.0005	2.513e-11	--	168128.996	7	150690176	3.923e-9	0.0005667	rs3918226	3.923e-9	chr7_locus18
7:151413194:C_T	t	c	978562.0	0.7227	0.0078	0.0003	1.57e-139	++	542710.4852	7	151413194	4.615e-109	0.00034	rs10224210	4.615e-109	chr7_locus19
7:155621620:A_G	a	g	1138740.0	0.3487	0.0027	0.0003	2.788e-25	++	794157.276	7	155621620	4.896e-20	0.00034	rs288753	4.896e-20	chr7_locus20
8:9173209:A_G	a	g	1145310.0	0.4882	0.0027	0.0003	4.326e-26	++	1118280.684	8	9173209	1.144e-20	0.00034	rs7012637	1.144e-20	chr8_locus0
8:22519815:A_C	a	c	1158520.0	0.3577	0.002	0.0003	5.012e-15	++	828805.208	8	22519815	5e-12	0.00034	rs7005025	5e-12	chr8_locus1
8:23748420:C_T	t	c	1201860.0	0.4006	-0.0048	0.0003	7.423e-79	--	962930.232	8	23748420	8.446e-62	0.00034	rs34861762	8.446e-62	chr8_locus2
8:32399290:C_G	c	g	1200740.0	0.3713	-0.002	0.0003	2.922e-15	--	891669.524	8	32399290	3.279e-12	0.00034	rs6468118	3.279e-12	chr8_locus3
8:66692011:C_T	t	c	928656.0	0.0645	-0.0044	0.0006	8.965e-14	--	119796.624	8	66692011	4.768e-11	0.00068	rs11557049	4.768e-11	chr8_locus4
8:76483239:G_T	t	g	1201850.0	0.4907	-0.0019	0.0003	2.783e-14	--	1179495.59	8	76483239	1.91e-11	0.00034	rs1913641	1.91e-11	chr8_locus5
8:87332545:C_T	t	c	1201540.0	0.295	0.0026	0.0003	3.592e-22	++	708908.6	8	87332545	1.311e-17	0.00034	rs2953516	1.311e-17	chr8_locus6
8:102683600:C_G	c	g	1201600.0	0.3962	-0.0016	0.0003	2.573e-10	--	952147.84	8	102683600	2.426e-8	0.00034	rs2096551	2.426e-8	chr8_locus7
8:110107825:A_G	a	g	1155360.0	0.4909	-0.0016	0.0003	3.691e-10	--	1134332.448	8	110107825	3.218e-8	0.00034	rs12544197	3.218e-8	chr8_locus8
8:120886544:G_T	t	g	1201740.0	0.6917	-0.0021	0.0003	1.968e-15	--	740992.884	8	120886544	2.407e-12	0.00034	rs73703112	2.407e-12	chr8_locus9
8:126476873:C_T	t	c	1121560.0	0.4692	0.0029	0.0003	1.131e-30	++	1052471.904	8	126476873	3.04e-24	0.00034	rs2954017	3.04e-24	chr8_locus10
8:129916890:A_G	a	g	1196300.0	0.6245	0.0017	0.0003	1.636e-11	++	898421.3	8	129916890	2.804e-9	0.00034	rs1519845	2.804e-9	chr8_locus11
8:134332960:C_T	t	c	1159120.0	0.1584	0.0021	0.0003	4.944e-10	++	367209.216	8	134332960	4.046e-8	0.00034	rs10283362	4.046e-8	chr8_locus12
8:145018354:C_T	t	c	958860.0	0.0494	-0.006	0.0007	2.876e-19	--	94735.368	8	145018354	2.425e-15	0.0007934	rs11786896	2.425e-15	chr8_locus13
9:33127021:A_G	a	g	1038380.0	0.1087	0.0027	0.0004	7.006e-11	++	225743.812	9	33127021	8.757e-9	0.0004533	rs35559504	8.757e-9	chr9_locus0
9:33818257:C_T	t	c	1192700.0	0.7299	0.0021	0.0003	4.032e-15	++	644296.54	9	33818257	4.217e-12	0.00034	rs216364	4.217e-12	chr9_locus1
9:71434465:A_G	a	g	1187900.0	0.6321	0.0047	0.0003	1.643e-72	++	874056.82	9	71434465	7.419e-57	0.00034	rs10746942	7.419e-57	chr9_locus2
9:92285323:A_G	a	g	1142110.0	0.8792	-0.0028	0.0004	5.607e-10	--	275933.776	9	92285323	4.466e-8	0.0004533	rs61311941	4.466e-8	chr9_locus3
9:95887320:G_T	t	g	1132270.0	0.8114	0.0021	0.0003	5.036e-10	++	427092.244	9	95887320	4.105e-8	0.00034	rs2275848	4.105e-8	chr9_locus4
9:119324929:C_G	c	g	1201890.0	0.4259	-0.0023	0.0003	4.946e-19	--	1023769.902	9	119324929	3.704e-15	0.00034	rs1321917	3.704e-15	chr9_locus5
9:136146597:C_T	t	c	1192940.0	0.2579	0.0023	0.0003	1.3e-17	++	615318.452	9	136146597	4.762e-14	0.00034	rs550057	4.762e-14	chr9_locus6
9:136927876:C_T	t	c	1190590.0	0.3243	-0.0016	0.0003	3.657e-10	--	772216.674	9	136927876	3.195e-8	0.00034	rs7027509	3.195e-8	chr9_locus7
9:139102317:C_G	c	g	1131240.0	0.6824	-0.0021	0.0003	1.487e-15	--	718563.648	9	139102317	1.934e-12	0.00034	rs61482805	1.934e-12	chr9_locus8
9:140077729:A_G	a	g	1057600.0	0.2491	-0.0021	0.0003	2.434e-11	--	526896.32	9	140077729	3.827e-9	0.00034	rs28490558	3.827e-9	chr9_locus9
10:899071:A_T	a	t	1201760.0	0.9132	0.0081	0.0005	2.909e-62	++	208625.536	10	899071	7.175e-49	0.0005667	rs80282103	7.175e-49	chr10_locus0
10:29781798:C_G	c	g	1201640.0	0.7896	0.0022	0.0003	3.422e-11	++	505650.112	10	29781798	4.996e-9	0.00034	rs6481598	4.996e-9	chr10_locus1
10:35059666:C_T	t	c	1159620.0	0.4439	-0.0018	0.0003	6.156e-12	--	1029510.636	10	35059666	1.305e-9	0.00034	rs10827421	1.305e-9	chr10_locus2
10:50957514:A_G	a	g	1201750.0	0.5065	-0.002	0.0003	9.76e-16	--	1186127.25	10	50957514	1.391e-12	0.00034	rs1258179	1.391e-12	chr10_locus3
10:52646093:A_G	a	g	1196300.0	0.1799	0.0043	0.0003	3.854e-37	++	430428.74	10	52646093	2.745e-29	0.00034	rs10821905	2.745e-29	chr10_locus4
10:63785089:G_T	t	g	1199640.0	0.7118	0.002	0.0003	1.948e-13	++	691472.496	10	63785089	8.75e-11	0.00034	rs10821944	8.75e-11	chr10_locus5
10:69965177:C_T	t	c	1159620.0	0.4759	0.003	0.0003	5.441e-32	++	1103726.316	10	69965177	2.85e-25	0.00034	rs7475348	2.85e-25	chr10_locus6
10:76030088:C_G	c	g	1201850.0	0.31	-0.0017	0.0003	1.34e-10	--	745147.0	10	76030088	1.455e-8	0.00034	rs4376843	1.455e-8	chr10_locus7
10:82201303:A_T	a	t	1159620.0	0.5099	0.0018	0.0003	2.924e-12	++	1136659.524	10	82201303	7.285e-10	0.00034	rs7087356	7.285e-10	chr10_locus8
10:88845190:C_T	t	c	1201580.0	0.214	0.0022	0.0004	5.885e-10	++	514276.24	10	88845190	4.638e-8	0.0004533	rs11202328	4.638e-8	chr10_locus9
10:93797368:A_G	a	g	1201730.0	0.3614	0.0018	0.0003	1.21e-12	++	868610.444	10	93797368	3.652e-10	0.00034	rs11186805	3.652e-10	chr10_locus10
10:94839642:A_G	a	g	1192700.0	0.4722	-0.0029	0.0003	2.594e-30	--	1126385.88	10	94839642	5.809e-24	0.00034	rs2068888	5.809e-24	chr10_locus11
10:97276018:C_G	c	g	1201920.0	0.1963	-0.0024	0.0003	2.774e-12	--	471873.792	10	97276018	6.99e-10	0.00034	rs9663482	6.99e-10	chr10_locus12
10:104573017:G_T	t	g	1193350.0	0.1935	0.0029	0.0003	7.344e-18	++	461826.45	10	104573017	3.048e-14	0.00034	rs284859	3.048e-14	chr10_locus13
10:120248713:C_T	t	c	1159620.0	0.7314	0.0018	0.0003	1.731e-11	++	622947.864	10	120248713	2.93e-9	0.00034	rs2095567	2.93e-9	chr10_locus14
10:126453481:C_T	t	c	1201920.0	0.4284	0.0026	0.0003	7.408e-25	++	1029805.056	10	126453481	1.05e-19	0.00034	rs965484	1.05e-19	chr10_locus15
10:131278410:G_T	t	g	1196300.0	0.5974	-0.0017	0.0003	8.548e-11	--	963260.76	10	131278410	1.023e-8	0.00034	rs1711667	1.023e-8	chr10_locus16
11:408174:G_T	t	g	898624.0	0.0375	-0.0053	0.0008	2.773e-11	--	67396.8	11	408174	4.238e-9	0.0009067	rs117739035	4.238e-9	chr11_locus0
11:2179352:C_G	c	g	1134100.0	0.2744	0.0038	0.0003	5.639e-33	++	622394.08	11	2179352	4.864e-26	0.00034	rs3842761	4.864e-26	chr11_locus1
11:2798804:A_C	a	c	1135770.0	0.5213	0.003	0.0003	7.12e-32	++	1087386.198	11	2798804	3.516e-25	0.00034	rs81205	3.516e-25	chr11_locus2
11:5578434:G_T	t	g	1062240.0	0.6803	-0.0029	0.0003	3.245e-20	--	679196.256	11	5578434	4.413e-16	0.00034	rs1541939	4.413e-16	chr11_locus3
11:8040323:A_G	a	g	994592.0	0.1331	-0.0029	0.0004	1.697e-12	--	264760.3904	11	8040323	4.759e-10	0.0004533	rs61327861	4.759e-10	chr11_locus4
11:9909127:A_G	a	g	1001420.0	0.0812	0.0036	0.0005	2.246e-13	++	162630.608	11	9909127	9.78e-11	0.0005667	rs75248620	9.78e-11	chr11_locus5
11:15879946:A_G	a	g	1159620.0	0.4037	-0.0022	0.0003	1.339e-16	--	936277.188	11	15879946	2.946e-13	0.00034	rs55842281	2.946e-13	chr11_locus6
11:30749090:C_T	t	c	1154860.0	0.5595	-0.0055	0.0003	9.85e-102	--	1017431.66	11	30749090	1.272e-79	0.00034	rs963837	1.272e-79	chr11_locus7
11:47423340:C_T	t	c	1201300.0	0.3726	-0.0023	0.0003	1.054e-19	--	895208.76	11	47423340	1.107e-15	0.00034	rs10769264	1.107e-15	chr11_locus8
11:50557698:C_T	t	c	1173460.0	0.8193	0.0021	0.0003	4.073e-10	++	424088.444	11	50557698	3.476e-8	0.00034	rs11821711	3.476e-8	chr11_locus9
11:51476467:A_C	a	c	1038850.0	0.8081	0.0023	0.0003	1.656e-11	++	398710.63	11	51476467	2.83e-9	0.00034	rs4515954	2.83e-9	chr11_locus10
11:55040412:C_T	t	c	1097010.0	0.8136	0.0022	0.0003	8.908e-11	++	408965.328	11	55040412	1.057e-8	0.00034	rs77897671	1.057e-8	chr11_locus11
11:57409538:A_G	a	g	1159620.0	0.5799	-0.0019	0.0003	2.025e-13	--	974312.724	11	57409538	9.019e-11	0.00034	rs1783827	9.019e-11	chr11_locus12
11:65552118:A_G	a	g	1201890.0	0.3357	-0.0034	0.0003	7.892e-40	--	806948.946	11	65552118	2.197e-31	0.00034	rs948494	2.197e-31	chr11_locus13
11:68883556:C_T	t	c	1159620.0	0.6249	0.0021	0.0003	1.905e-16	++	869946.924	11	68883556	3.88e-13	0.00034	rs7131509	3.88e-13	chr11_locus14
11:78023356:A_C	a	c	1062090.0	0.211	0.0026	0.0003	1.182e-14	++	448201.98	11	78023356	9.778e-12	0.00034	rs11237450	9.778e-12	chr11_locus15
11:111223111:A_G	a	g	1200940.0	0.5601	0.0018	0.0003	4.487e-12	++	1056587.012	11	111223111	1.018e-9	0.00034	rs1042752	1.018e-9	chr11_locus16
11:114032484:C_T	t	c	1174480.0	0.1844	-0.0021	0.0003	1.359e-10	--	433148.224	11	114032484	1.471e-8	0.00034	rs665731	1.471e-8	chr11_locus17
11:119255795:A_G	a	g	1148900.0	0.574	0.0016	0.0003	2.125e-10	++	978862.8	11	119255795	2.088e-8	0.00034	rs10892358	2.088e-8	chr11_locus18
11:121590615:A_C	a	c	1201870.0	0.7392	0.0021	0.0003	4.999e-15	++	626895.392	11	121590615	4.989e-12	0.00034	rs10790454	4.989e-12	chr11_locus19
11:128349430:C_T	t	c	1201410.0	0.7849	-0.0021	0.0003	1.905e-10	--	516846.582	11	128349430	1.917e-8	0.00034	rs12575164	1.917e-8	chr11_locus20
12:348785:C_T	t	c	1201680.0	0.3798	0.004	0.0003	9.388e-53	++	912796.128	12	348785	1.847e-41	0.00034	rs11062102	1.847e-41	chr12_locus0
12:3387697:C_T	t	c	1196300.0	0.8287	0.0042	0.0003	1.361e-34	++	409852.38	12	3387697	2.664e-27	0.00034	rs16930370	2.664e-27	chr12_locus1
12:4593690:A_G	a	g	1200960.0	0.8786	0.0026	0.0004	3.194e-10	++	291593.088	12	4593690	2.874e-8	0.0004533	rs11063202	2.874e-8	chr12_locus2
12:12210001:A_C	a	c	994345.0	0.9119	-0.0039	0.0005	2.901e-16	--	175203.589	12	12210001	5.39e-13	0.0005667	rs11616030	5.39e-13	chr12_locus3
12:15323380:A_T	a	t	1201640.0	0.7781	-0.0038	0.0003	4.536e-31	--	533287.832	12	15323380	1.49e-24	0.00034	rs12826808	1.49e-24	chr12_locus4
12:48740855:A_G	a	g	1162680.0	0.4867	0.0024	0.0003	3.244e-20	++	1131752.712	12	48740855	4.412e-16	0.00034	rs2634675	4.412e-16	chr12_locus5
12:50267335:C_T	t	c	1158670.0	0.3187	0.0018	0.0003	9.797e-12	++	738536.258	12	50267335	1.877e-9	0.00034	rs836968	1.877e-9	chr12_locus6
12:51209838:C_G	c	g	1201800.0	0.6697	0.0017	0.0003	1.742e-11	++	793909.08	12	51209838	2.945e-9	0.00034	rs7966357	2.945e-9	chr12_locus7
12:52314388:G_T	t	g	1192700.0	0.8448	0.0025	0.0004	1.744e-11	++	370214.08	12	52314388	2.948e-9	0.0004533	rs2277383	2.948e-9	chr12_locus8
12:54030238:G_T	t	g	1154640.0	0.1851	0.0024	0.0003	2.32e-12	++	427447.728	12	54030238	6.078e-10	0.00034	rs11170624	6.078e-10	chr12_locus9
12:57728776:G_T	t	g	1062520.0	0.7654	-0.0031	0.0003	9.435e-22	--	498534.384	12	57728776	2.786e-17	0.00034	rs7397189	2.786e-17	chr12_locus10
12:76271183:A_G	a	g	1158670.0	0.3615	0.002	0.0003	1.177e-14	++	837718.41	12	76271183	9.746e-12	0.00034	rs1275609	9.746e-12	chr12_locus11
12:82174115:C_T	t	c	1163680.0	0.7847	0.0022	0.0003	2.019e-11	++	501080.608	12	82174115	3.306e-9	0.00034	rs7963577	3.306e-9	chr12_locus12
12:111932800:C_T	t	c	1039170.0	0.529	0.0016	0.0003	5.865e-10	++	978898.14	12	111932800	4.626e-8	0.00034	rs7137828	4.626e-8	chr12_locus13
12:112553032:A_T	a	t	1155920.0	0.4535	-0.0017	0.0003	1.105e-10	--	1048419.44	12	112553032	1.251e-8	0.00034	rs10850001	1.251e-8	chr12_locus14
12:121416864:C_T	t	c	1026470.0	0.031	-0.0065	0.0008	8.816e-16	--	63641.14	12	121416864	1.285e-12	0.0009067	rs1800574	1.285e-12	chr12_locus15
13:27749313:A_G	a	g	1196300.0	0.0779	0.0031	0.0005	3.548e-10	++	186383.54	13	27749313	3.12e-8	0.0005667	rs7983636	3.12e-8	chr13_locus0
13:42749192:G_T	t	g	1196300.0	0.4142	0.0021	0.0003	1.718e-16	++	991014.92	13	42749192	3.579e-13	0.00034	rs9590675	3.579e-13	chr13_locus1
13:48648079:A_G	a	g	1196300.0	0.6483	0.002	0.0003	4.414e-15	++	841477.42	13	48648079	4.527e-12	0.00034	rs7324484	4.527e-12	chr13_locus2
13:50655989:G_T	t	g	971381.0	0.0226	-0.0083	0.001	3.496e-17	--	43906.4212	13	50655989	1.031e-13	0.001133	rs41284816	1.031e-13	chr13_locus3
13:72372524:A_T	a	t	1159620.0	0.4364	0.0028	0.0003	2.734e-27	++	1012116.336	13	72372524	1.326e-21	0.00034	rs303937	1.326e-21	chr13_locus4
13:74106939:A_G	a	g	1195190.0	0.4807	0.0019	0.0003	4.72e-14	++	1149055.666	13	74106939	2.887e-11	0.00034	rs9318186	2.887e-11	chr13_locus5
13:96068204:A_G	a	g	1159620.0	0.8269	0.0021	0.0003	2.546e-10	++	401460.444	13	96068204	2.406e-8	0.00034	rs7326821	2.406e-8	chr13_locus6
13:111017784:A_G	a	g	1195370.0	0.3945	-0.0019	0.0003	4.794e-14	--	943146.93	13	111017784	2.923e-11	0.00034	rs9521719	2.923e-11	chr13_locus7
14:31721103:A_G	a	g	1201700.0	0.6208	-0.0018	0.0003	1.091e-12	--	911369.28	14	31721103	3.368e-10	0.00034	rs10151563	3.368e-10	chr14_locus0
14:37973353:A_G	a	g	1201910.0	0.7204	0.0022	0.0003	4.25e-16	++	672108.072	14	37973353	7.265e-13	0.00034	rs7492724	7.265e-13	chr14_locus1
14:50735947:C_T	t	c	961605.0	0.9801	-0.0073	0.001	3.022e-13	--	38271.8790000001	14	50735947	1.234e-10	0.001133	rs72683923	1.234e-10	chr14_locus2
14:54417522:A_G	a	g	1153490.0	0.4622	0.0017	0.0003	4.289e-11	++	1066286.156	14	54417522	5.963e-9	0.00034	rs17563	5.963e-9	chr14_locus3
14:73884540:A_G	a	g	1201880.0	0.4917	0.0021	0.0003	1.847e-16	++	1181928.792	14	73884540	3.788e-13	0.00034	rs10142359	3.788e-13	chr14_locus4
14:88935925:A_G	a	g	1158230.0	0.6621	-0.0022	0.0003	3.426e-17	--	782731.834	14	88935925	1.015e-13	0.00034	rs2297129	1.015e-13	chr14_locus5
14:93108131:A_G	a	g	1035330.0	0.8153	0.0027	0.0003	6.633e-16	++	382450.902	14	93108131	1.029e-12	0.00034	rs1075472	1.029e-12	chr14_locus6
14:96659919:A_G	a	g	1152940.0	0.3649	-0.0017	0.0003	2.385e-10	--	841415.612	14	96659919	2.286e-8	0.00034	rs11160318	2.286e-8	chr14_locus7
14:100771483:C_T	t	c	1132600.0	0.6626	0.002	0.0003	9.743e-15	++	764278.48	14	100771483	8.407e-12	0.00034	rs12432201	8.407e-12	chr14_locus8
14:102987884:C_T	t	c	1150630.0	0.3468	-0.0017	0.0003	2.976e-11	--	798076.968	14	102987884	4.479e-9	0.00034	rs12894354	4.479e-9	chr14_locus9
15:39278107:A_C	a	c	1158520.0	0.4133	0.0027	0.0003	3.185e-25	++	957632.632	15	39278107	5.432e-20	0.00034	rs11856921	5.432e-20	chr15_locus0
15:41496713:C_T	t	c	1002100.0	0.4935	0.0033	0.0003	1.509e-38	++	989072.7	15	41496713	2.194e-30	0.00034	rs2412608	2.194e-30	chr15_locus1
15:45716425:C_T	t	c	1201820.0	0.6018	0.009	0.0003	1.13e-262	++	957129.448	15	45716425	5.86e-205	0.00034	rs2433601	5.86e-205	chr15_locus2
15:53907948:A_G	a	g	1196300.0	0.253	0.0043	0.0003	2.441e-54	++	605327.8	15	53907948	1.074e-42	0.00034	rs17730281	1.074e-42	chr15_locus3
15:57775826:A_G	a	g	1195800.0	0.1053	0.0028	0.0004	1.131e-10	++	251835.48	15	57775826	1.274e-8	0.0004533	rs12148280	1.274e-8	chr15_locus4
15:62808539:C_T	t	c	1158520.0	0.3288	0.0017	0.0003	1.097e-10	++	761842.752	15	62808539	1.244e-8	0.00034	rs956006	1.244e-8	chr15_locus5
15:63580155:C_T	t	c	1201590.0	0.5497	-0.0025	0.0003	1.594e-23	--	1082151.954	15	63580155	1.152e-18	0.00034	rs11071738	1.152e-18	chr15_locus6
15:67494922:C_T	t	c	1200950.0	0.7252	0.0018	0.0003	2.603e-11	++	660042.12	15	67494922	4.033e-9	0.00034	rs12148121	4.033e-9	chr15_locus7
15:76304503:A_G	a	g	1030720.0	0.7515	0.0056	0.0003	4.004e-69	++	512267.84	15	76304503	3.231e-54	0.00034	rs10851885	3.231e-54	chr15_locus8
15:78998061:C_G	c	g	1159620.0	0.2872	0.0018	0.0003	1.347e-10	++	666085.728	15	78998061	1.461e-8	0.00034	rs12907511	1.461e-8	chr15_locus9
15:81165842:A_G	a	g	1154210.0	0.1642	0.0027	0.0003	6.728e-16	++	379042.564	15	81165842	1.04e-12	0.00034	rs62035088	1.04e-12	chr15_locus10
15:83514673:C_T	t	c	996528.0	0.2118	-0.0024	0.0003	2.357e-13	--	422129.2608	15	83514673	1.016e-10	0.00034	rs7178859	1.016e-10	chr15_locus11
15:85191274:C_G	c	g	1196050.0	0.4985	0.0019	0.0003	2.919e-14	++	1192461.85	15	85191274	1.983e-11	0.00034	rs7169629	1.983e-11	chr15_locus12
15:99276521:G_T	t	g	1195880.0	0.3043	-0.0024	0.0003	1.678e-19	--	727812.568	15	99276521	1.592e-15	0.00034	rs59646751	1.592e-15	chr15_locus13
16:3738887:C_T	t	c	1151060.0	0.6878	-0.0021	0.0003	3.143e-16	--	718721.864	16	3738887	5.739e-13	0.00034	rs2072379	5.739e-13	chr16_locus0
16:20392332:A_G	a	g	1158670.0	0.1986	0.0106	0.0003	8.53e-223	++	460223.724	16	20392332	6.614e-174	0.00034	rs77924615	6.614e-174	chr16_locus1
16:28871191:C_G	c	g	1201640.0	0.6184	-0.0017	0.0003	2.471e-11	--	917091.648	16	28871191	3.872e-9	0.00034	rs12448902	3.872e-9	chr16_locus2
16:51735746:A_G	a	g	1201590.0	0.2485	-0.0033	0.0003	1.148e-32	--	597190.23	16	51735746	8.468e-26	0.00034	rs9932625	8.468e-26	chr16_locus3
16:53203977:G_T	t	g	1200970.0	0.7192	0.0027	0.0003	6.196e-24	++	674464.752	16	53203977	5.509e-19	0.00034	rs7196485	5.509e-19	chr16_locus4
16:68363181:A_G	a	g	1198390.0	0.7238	0.0026	0.0003	6.711e-22	++	661990.636	16	68363181	2.135e-17	0.00034	rs1111571	2.135e-17	chr16_locus5
16:69763280:C_T	t	c	1201690.0	0.1644	-0.0031	0.0003	9.731e-20	--	395115.672	16	69763280	1.04e-15	0.00034	rs113441031	1.04e-15	chr16_locus6
16:71754040:C_T	t	c	1201910.0	0.6386	-0.0019	0.0003	7.317e-14	--	868740.548	16	71754040	4.068e-11	0.00034	rs112175548	4.068e-11	chr16_locus7
16:73024276:C_T	t	c	1191750.0	0.3306	0.0022	0.0003	7.093e-18	++	787985.1	16	73024276	2.966e-14	0.00034	rs1858800	2.966e-14	chr16_locus8
16:79942562:A_G	a	g	1190560.0	0.159	0.0025	0.0004	1.123e-12	++	378598.08	16	79942562	3.445e-10	0.0004533	rs8058927	3.445e-10	chr16_locus9
16:89708003:A_T	a	t	1193780.0	0.4273	-0.0031	0.0003	1.731e-33	--	1020204.388	16	89708003	1.936e-26	0.00034	rs154656	1.936e-26	chr16_locus10
17:1967501:C_T	t	c	1200730.0	0.5724	-0.0019	0.0003	3.661e-14	--	1026864.296	17	1967501	2.367e-11	0.00034	rs9894634	2.367e-11	chr17_locus0
17:12139964:G_T	t	g	1152640.0	0.9289	0.0033	0.0005	1.906e-10	++	163905.408	17	12139964	1.918e-8	0.0005667	rs28735420	1.918e-8	chr17_locus1
17:17569286:A_G	a	g	1201840.0	0.4869	-0.0019	0.0003	6.442e-14	--	1170351.792	17	17569286	3.682e-11	0.00034	rs4925095	3.682e-11	chr17_locus2
17:19428610:A_G	a	g	1154210.0	0.6279	0.0041	0.0003	3.244e-57	++	858963.082	17	19428610	6.155e-45	0.00034	rs2440164	6.155e-45	chr17_locus3
17:34910357:C_T	t	c	1159620.0	0.4093	0.0022	0.0003	3.674e-17	++	949264.932	17	34910357	1.072e-13	0.00034	rs35915570	1.072e-13	chr17_locus4
17:37555627:A_G	a	g	1177720.0	0.6703	0.0046	0.0003	4.163e-70	++	776588.568	17	37555627	5.537e-55	0.00034	rs2338796	5.537e-55	chr17_locus5
17:45969808:C_T	t	c	1159620.0	0.3216	-0.0018	0.0003	4.243e-12	--	745867.584	17	45969808	9.749e-10	0.00034	rs60580012	9.749e-10	chr17_locus6
17:54773238:G_T	t	g	1153990.0	0.5577	0.0021	0.0003	3.527e-16	++	1020819.554	17	54773238	6.28e-13	0.00034	rs227731	6.28e-13	chr17_locus7
17:59456589:C_T	t	c	1191460.0	0.7698	0.0077	0.0003	2.51e-114	++	548548.184	17	59456589	1.971e-89	0.00034	rs9895661	1.971e-89	chr17_locus8
17:65368899:G_T	t	g	1159620.0	0.6105	-0.0017	0.0003	2.828e-11	--	903343.98	17	65368899	4.304e-9	0.00034	rs12450700	4.304e-9	chr17_locus9
17:66449122:A_G	a	g	1191470.0	0.7386	-0.0024	0.0003	6.173e-19	--	622900.516	17	66449122	4.404e-15	0.00034	rs883541	4.404e-15	chr17_locus10
17:79527953:A_T	a	t	1159620.0	0.7876	-0.0022	0.0003	2.92e-11	--	492606.576	17	79527953	4.413e-9	0.00034	rs12449763	4.413e-9	chr17_locus11
18:5586542:A_G	a	g	1201720.0	0.549	0.0026	0.0003	4.084e-24	++	1083951.44	18	5586542	3.979e-19	0.00034	rs1719935	3.979e-19	chr18_locus0
18:24449049:G_T	t	g	1178820.0	0.6069	-0.0022	0.0003	9.613e-18	--	926788.284	18	24449049	3.761e-14	0.00034	rs151245	3.761e-14	chr18_locus1
18:42782952:A_G	a	g	1201920.0	0.2923	-0.0022	0.0003	2.733e-13	--	702642.432	18	42782952	1.14e-10	0.00034	rs9807214	1.14e-10	chr18_locus2
18:46469664:A_G	a	g	1156380.0	0.4733	-0.0022	0.0003	3.812e-18	--	1094629.308	18	46469664	1.826e-14	0.00034	rs4245230	1.826e-14	chr18_locus3
18:59350507:G_T	t	g	1192520.0	0.7533	-0.0029	0.0003	1.511e-25	--	588389.368	18	59350507	3.036e-20	0.00034	rs12458009	3.036e-20	chr18_locus4
18:77156537:C_G	c	g	1059950.0	0.5277	0.0054	0.0003	1.882e-75	++	1001228.77	18	77156537	3.792e-59	0.00034	rs8096658	3.792e-59	chr18_locus5
19:13036677:A_G	a	g	1195450.0	0.6049	-0.0017	0.0003	3.202e-11	--	944644.59	19	13036677	4.743e-9	0.00034	rs10419627	4.743e-9	chr19_locus0
19:14588476:C_G	c	g	1144310.0	0.6868	-0.0016	0.0003	6.164e-10	--	716795.784	19	14588476	4.81e-8	0.00034	rs2241358	4.81e-8	chr19_locus1
19:18408519:A_C	a	c	1147700.0	0.646	-0.0019	0.0003	2.806e-12	--	812571.6	19	18408519	7.054e-10	0.00034	rs8108623	7.054e-10	chr19_locus2
19:19610596:C_T	t	c	1201800.0	0.0879	-0.0033	0.0004	5.854e-14	--	211276.44	19	19610596	3.417e-11	0.0004533	rs3794991	3.417e-11	chr19_locus3
19:33402419:C_T	t	c	1201920.0	0.3684	0.0047	0.0003	2.629e-73	++	885574.656	19	33402419	1.779e-57	0.00034	rs8101667	1.779e-57	chr19_locus4
19:36342212:C_T	t	c	1106950.0	0.3417	0.0023	0.0003	3.431e-14	++	756489.63	19	36342212	2.25e-11	0.00034	rs3814995	2.25e-11	chr19_locus5
19:38188233:G_T	t	g	1201860.0	0.6293	-0.0034	0.0003	1.228e-40	--	891059.004	19	38188233	5.151e-32	0.00034	rs55743020	5.151e-32	chr19_locus6
19:39257977:A_T	a	t	1017230.0	0.4379	-0.0018	0.0003	1.298e-12	--	890890.034	19	39257977	3.858e-10	0.00034	rs7248248	3.858e-10	chr19_locus7
19:40734673:A_T	a	t	1159620.0	0.1421	-0.0025	0.0003	6.489e-13	--	329564.004	19	40734673	2.243e-10	0.00034	rs59343080	2.243e-10	chr19_locus8
19:45411941:C_T	t	c	1141110.0	0.848	-0.0029	0.0003	3e-17	--	346897.44	19	45411941	9.153e-14	0.00034	rs429358	9.153e-14	chr19_locus9
19:49214470:C_T	t	c	1151060.0	0.5954	-0.0021	0.0003	8.718e-16	--	931437.752	19	49214470	1.274e-12	0.00034	rs281380	1.274e-12	chr19_locus10
19:53357172:C_T	t	c	896111.0	0.9141	0.0038	0.0006	1.589e-10	++	153951.8698	19	53357172	1.663e-8	0.00068	rs7259073	1.663e-8	chr19_locus11
20:1333060:C_T	t	c	1039570.0	0.0673	0.0037	0.0006	2.069e-11	++	139926.122	20	1333060	3.37e-9	0.00068	rs62187537	3.37e-9	chr20_locus0
20:2800848:A_G	a	g	1155670.0	0.1924	0.0021	0.0003	2.65e-10	++	444701.816	20	2800848	2.482e-8	0.00034	rs73077077	2.482e-8	chr20_locus1
20:31925189:A_C	a	c	1157720.0	0.2911	0.0017	0.0003	3.518e-10	++	674024.584	20	31925189	3.099e-8	0.00034	rs293736	3.099e-8	chr20_locus2
20:33437621:A_G	a	g	1159130.0	0.3687	-0.0037	0.0003	1.323e-46	--	854742.462	20	33437621	1.147e-36	0.00034	rs2076668	1.147e-36	chr20_locus3
20:39970385:A_G	a	g	1017230.0	0.5747	-0.0019	0.0003	4.985e-13	--	865255.838	20	39970385	1.825e-10	0.00034	rs6029640	1.825e-10	chr20_locus4
20:43034016:A_G	a	g	1157220.0	0.3735	-0.0016	0.0003	2.184e-10	--	864443.34	20	43034016	2.133e-8	0.00034	rs736820	2.133e-8	chr20_locus5
20:52732362:C_T	t	c	1146580.0	0.81	-0.0048	0.0003	6.878e-46	--	435700.4	20	52732362	4.145e-36	0.00034	rs17216707	4.145e-36	chr20_locus6
20:56143169:A_T	a	t	1158520.0	0.8012	-0.0031	0.0003	1.177e-20	--	460627.552	20	56143169	1.999e-16	0.00034	rs2235826	1.999e-16	chr20_locus7
20:57472174:C_T	t	c	1197420.0	0.6688	0.002	0.0003	1.926e-14	++	793171.008	20	57472174	1.432e-11	0.00034	rs1407040	1.432e-11	chr20_locus8
20:60892172:C_T	t	c	1159620.0	0.7006	-0.0021	0.0003	6.861e-15	--	694380.456	20	60892172	6.391e-12	0.00034	rs2236520	6.391e-12	chr20_locus9
20:62152519:C_G	c	g	1045780.0	0.7639	0.0037	0.0004	2.929e-20	++	493817.316	20	62152519	4.074e-16	0.0004533	rs72629024	4.074e-16	chr20_locus10
21:16576783:A_G	a	g	1192740.0	0.3332	-0.0031	0.0003	7.197e-32	--	794841.936	21	16576783	3.545e-25	0.00034	rs2823139	3.545e-25	chr21_locus0
21:35357034:A_G	a	g	1200960.0	0.8445	0.0036	0.0003	3.68e-25	++	373498.56	21	35357034	6.081e-20	0.00034	rs2834320	6.081e-20	chr21_locus1
21:37831751:C_T	t	c	1038970.0	0.7871	-0.0026	0.0003	2.394e-15	--	442393.426	21	37831751	2.806e-12	0.00034	rs219786	2.806e-12	chr21_locus2
22:30388706:A_G	a	g	1201910.0	0.5688	-0.0021	0.0003	8.904e-17	--	1036527.184	22	30388706	2.142e-13	0.00034	rs2007458	2.142e-13	chr22_locus0
22:36543898:A_T	a	t	1193290.0	0.18	-0.0025	0.0003	8.826e-14	--	429584.4	22	36543898	4.71e-11	0.00034	rs132639	4.71e-11	chr22_locus1
22:38595260:A_T	a	t	1153890.0	0.3949	0.0024	0.0003	1.459e-20	++	911342.322	22	38595260	2.364e-16	0.00034	rs5750561	2.364e-16	chr22_locus2
22:40831888:A_G	a	g	1196170.0	0.144	0.0053	0.0004	1.34e-44	++	344496.96	22	40831888	4.197e-35	0.0004533	rs56283550	4.197e-35	chr22_locus3
22:43116985:C_T	t	c	1150880.0	0.3061	0.0029	0.0003	5.698e-29	++	704568.736	22	43116985	6.469e-23	0.00034	rs28910285	6.469e-23	chr22_locus4
22:50795620:A_G	a	g	891722.0	0.9785	-0.0071	0.001	3.105e-12	--	38344.0459999999	22	50795620	7.635e-10	0.001133	rs79865452	7.635e-10	chr22_locus5
