MARKERNAME	A1	A2	N	EAF	BETA	SE	P	DIRECTION	MAC	CHR	BP	P_GC	SE_GC	SNP	P_ANALYSIS
15:45716425:C_T	t	c	1201820.0	0.6018	0.009	0.0003	1.13e-262	++	957129.448	15	45716425	5.86e-205	0.00034	rs2433601	5.86e-205
15:45712339:C_T	t	c	1201820.0	0.6007	0.0089	0.0003	4.21e-262	++	959773.452	15	45712339	1.632e-204	0.00034	rs2486288	1.632e-204
15:45641225:A_C	a	c	1196300.0	0.3992	-0.0089	0.0003	5.93e-262	--	955125.92	15	45641225	2.131e-204	0.00034	rs2453533	2.131e-204
15:45683795:G_T	t	g	1200820.0	0.3992	-0.0089	0.0003	6.28e-262	--	958734.688	15	45683795	2.228e-204	0.00034	rs1145077	2.228e-204
15:45675440:A_G	a	g	1201920.0	0.3992	-0.0089	0.0003	6.44e-262	--	959612.928	15	45675440	2.272e-204	0.00034	rs1145084	2.272e-204
15:45684508:A_C	a	c	1200820.0	0.3992	-0.0089	0.0003	6.55e-262	--	958734.688	15	45684508	2.302e-204	0.00034	rs1145076	2.302e-204
15:45649813:A_C	a	c	1201930.0	0.3993	-0.0089	0.0003	6.92e-262	--	959861.298	15	45649813	2.403e-204	0.00034	rs1145093	2.403e-204
15:45681338:C_T	t	c	1201920.0	0.3992	-0.0089	0.0003	7.28e-262	--	959612.928	15	45681338	2.5e-204	0.00034	rs1145080	2.5e-204
15:45640627:C_T	t	c	1196300.0	0.6008	0.0089	0.0003	7.37e-262	++	955125.92	15	45640627	2.524e-204	0.00034	rs2461700	2.524e-204
15:45660758:C_G	c	g	1201920.0	0.6008	0.0089	0.0003	7.51e-262	++	959612.928	15	45660758	2.561e-204	0.00034	rs1153855	2.561e-204
15:45659095:G_T	t	g	1201920.0	0.3992	-0.0089	0.0003	7.78e-262	--	959612.928	15	45659095	2.632e-204	0.00034	rs1153857	2.632e-204
15:45654327:A_G	a	g	1200980.0	0.6007	0.0089	0.0003	8.32e-262	++	959102.628	15	45654327	2.773e-204	0.00034	rs1145086	2.773e-204
15:45666228:G_T	t	g	1201920.0	0.3992	-0.0089	0.0003	8.44e-262	--	959612.928	15	45666228	2.805e-204	0.00034	rs2486274	2.805e-204
15:45638307:C_T	t	c	1201930.0	0.6008	0.0089	0.0003	8.87e-262	++	959620.912	15	45638307	2.915e-204	0.00034	rs2467865	2.915e-204
15:45637343:C_T	t	c	1201930.0	0.6008	0.0089	0.0003	9.04e-262	++	959620.912	15	45637343	2.959e-204	0.00034	rs35861938	2.959e-204
15:45636584:C_T	t	c	1198620.0	0.3992	-0.0089	0.0003	9.06e-262	--	956978.208	15	45636584	2.964e-204	0.00034	rs1153860	2.964e-204
15:45653367:A_G	a	g	1196300.0	0.3992	-0.0089	0.0003	9.64e-262	--	955125.92	15	45653367	3.11e-204	0.00034	rs1049518	3.11e-204
15:45643843:G_T	t	g	1201910.0	0.6007	0.0089	0.0003	9.69e-262	++	959845.326	15	45643843	3.123e-204	0.00034	rs2467862	3.123e-204
15:45690989:C_T	t	c	1200760.0	0.6007	0.0089	0.0003	1.67e-261	++	958926.936	15	45690989	4.771e-204	0.00034	rs1346267	4.771e-204
15:45687256:C_T	t	c	1201860.0	0.6007	0.0089	0.0003	1.72e-261	++	959805.396	15	45687256	4.882e-204	0.00034	rs1426932	4.882e-204
