CHR	BP	SNP	A1	A2	locus_id
1	2060732	rs10797427	t	c	chr1_locus0
1	15911947	rs45619934	t	g	chr1_locus1
1	18809916	rs12061708	a	g	chr1_locus2
1	23699340	rs2749153	a	g	chr1_locus3
1	27215079	rs34460334	t	c	chr1_locus4
1	28566173	rs580114	a	g	chr1_locus5
1	43706662	rs2991341	t	c	chr1_locus6
1	45941349	rs12037201	t	g	chr1_locus7
1	48002447	rs688540	a	g	chr1_locus8
1	53581670	rs3820201	a	g	chr1_locus9
1	55718708	rs17413465	a	c	chr1_locus10
1	56615809	rs1757915	a	g	chr1_locus11
1	67507387	rs2815374	a	g	chr1_locus12
1	78023173	rs7536433	t	c	chr1_locus13
1	82957871	rs1887252	c	g	chr1_locus14
1	94051350	rs7514579	a	c	chr1_locus15
1	100818728	rs17420882	t	g	chr1_locus16
1	110009171	rs4970765	t	c	chr1_locus17
1	113258293	rs12736457	c	g	chr1_locus18
1	115236057	rs17602729	a	g	chr1_locus19
1	117021122	rs57445665	a	g	chr1_locus20
1	150940625	rs267738	t	g	chr1_locus21
1	155143946	rs4971092	t	c	chr1_locus22
1	163739717	rs4442348	a	g	chr1_locus23
1	170649277	rs4656220	t	c	chr1_locus24
1	171478706	rs6700683	a	t	chr1_locus25
1	180905694	rs3795503	t	c	chr1_locus26
1	182975102	rs9943067	t	c	chr1_locus27
1	184672098	rs78444298	a	g	chr1_locus28
1	186618699	rs7539054	a	c	chr1_locus29
1	201016296	rs3850625	a	g	chr1_locus30
1	205537858	rs12024377	a	g	chr1_locus31
1	207231751	rs2808454	a	t	chr1_locus32
1	208039431	rs75625374	c	g	chr1_locus33
1	214744893	rs7535253	t	c	chr1_locus34
1	221001142	rs61830291	a	c	chr1_locus35
1	228532195	rs417237	t	g	chr1_locus36
1	243471192	rs953492	a	g	chr1_locus37
2	227201	rs17713396	t	c	chr2_locus0
2	12085795	rs1004441	a	g	chr2_locus1
2	15782471	rs807624	t	g	chr2_locus2
2	18676276	rs4491726	a	g	chr2_locus3
2	26054368	rs72801857	t	c	chr2_locus4
2	27730940	rs1260326	t	c	chr2_locus5
2	40680149	rs2301343	t	g	chr2_locus6
2	43421461	rs12614953	t	c	chr2_locus7
2	46528614	rs2346418	a	g	chr2_locus8
2	54787340	rs12713261	t	c	chr2_locus9
2	66668309	rs950965	a	g	chr2_locus10
2	73900900	rs10206899	t	c	chr2_locus11
2	101729364	rs55924910	c	g	chr2_locus12
2	103155075	rs77375846	t	c	chr2_locus13
2	113967075	rs11123169	t	c	chr2_locus14
2	121306440	rs17050272	a	g	chr2_locus15
2	121996932	rs755865	a	g	chr2_locus16
2	135357705	rs6707326	a	g	chr2_locus17
2	137074132	rs6708702	a	g	chr2_locus18
2	148803672	rs13032786	c	g	chr2_locus19
2	152371733	rs10182296	a	g	chr2_locus20
2	159899188	rs264608	t	c	chr2_locus21
2	170104938	rs16823029	a	c	chr2_locus22
2	176993583	rs187355703	c	g	chr2_locus23
2	179681330	rs1844334	t	c	chr2_locus24
2	183077254	rs4666821	t	g	chr2_locus25
2	188168567	rs60980181	a	t	chr2_locus26
2	211540507	rs1047891	a	c	chr2_locus27
2	214012225	rs112905092	t	c	chr2_locus28
2	217665788	rs1548945	t	c	chr2_locus29
2	219284215	rs55658481	a	g	chr2_locus30
2	220358198	rs1050816	t	c	chr2_locus31
2	227291731	rs11676298	c	g	chr2_locus32
2	230665303	rs7592697	t	c	chr2_locus33
2	233633460	rs1801251	a	g	chr2_locus34
3	12208995	rs795010	a	t	chr3_locus0
3	20023859	rs115814778	a	g	chr3_locus1
3	25424929	rs2306623	t	c	chr3_locus2
3	30749965	rs6779998	a	g	chr3_locus3
3	38440237	rs13064938	t	c	chr3_locus4
3	49579017	rs34293138	t	c	chr3_locus5
3	52891756	rs7620706	a	t	chr3_locus6
3	63896543	rs73117042	t	c	chr3_locus7
3	105455955	rs2289746	t	c	chr3_locus8
3	121644030	rs2250067	t	c	chr3_locus9
3	125906179	rs10934753	a	g	chr3_locus10
3	132204810	rs4854645	a	g	chr3_locus11
3	136238860	rs9812319	t	c	chr3_locus12
3	141759380	rs7630893	t	c	chr3_locus13
3	153786243	rs1713842	a	t	chr3_locus14
3	169092038	rs76273615	a	g	chr3_locus15
3	185354216	rs56065557	c	g	chr3_locus16
3	186433932	rs10439970	t	g	chr3_locus17
3	193811168	rs9823161	a	g	chr3_locus18
3	195634993	rs13059257	t	c	chr3_locus19
3	196911361	rs12152266	t	c	chr3_locus20
4	3443931	rs13108218	a	g	chr4_locus0
4	10090930	rs3775932	a	c	chr4_locus1
4	23736523	rs16874052	a	g	chr4_locus2
4	40420437	rs166775	t	c	chr4_locus3
4	52696792	rs9998449	a	g	chr4_locus4
4	54318751	rs62325228	t	g	chr4_locus5
4	77401452	rs28817415	t	c	chr4_locus6
4	81181072	rs10857147	a	t	chr4_locus7
4	103802824	rs223317	t	c	chr4_locus8
4	109693926	rs7687209	t	c	chr4_locus9
4	115498457	rs71606723	a	t	chr4_locus10
4	128160430	rs967532	a	g	chr4_locus11
4	129540393	rs34442537	c	g	chr4_locus12
4	144122227	rs62330280	a	g	chr4_locus13
5	676962	rs13159523	a	g	chr5_locus0
5	34504277	rs13157326	a	g	chr5_locus1
5	39401384	rs35969577	t	g	chr5_locus2
5	44865854	rs10040082	t	c	chr5_locus3
5	53304991	rs80138475	t	c	chr5_locus4
5	67741066	rs11745891	t	c	chr5_locus5
5	78316188	rs2034899	t	g	chr5_locus6
5	97911851	rs27028	a	g	chr5_locus7
5	130248091	rs146192644	a	c	chr5_locus8
5	132404947	rs56306291	a	t	chr5_locus9
5	148524820	rs11743174	t	c	chr5_locus10
5	176801131	rs10866705	a	c	chr5_locus11
6	2503335	rs1772976	t	c	chr6_locus0
6	7131436	rs11243145	a	g	chr6_locus1
6	20428432	rs9465741	a	c	chr6_locus2
6	24237130	rs1087289	t	g	chr6_locus3
6	31826705	rs622076	a	g	chr6_locus4
6	34184374	rs141130394	t	g	chr6_locus5
6	41672041	rs34357137	c	g	chr6_locus6
6	43806609	rs881858	a	g	chr6_locus7
6	51492862	rs12212034	t	c	chr6_locus8
6	52630153	rs6458868	t	c	chr6_locus9
6	90118764	rs72912510	a	g	chr6_locus10
6	100894587	rs1857859	a	g	chr6_locus11
6	108975646	rs9480867	a	g	chr6_locus12
6	130374461	rs7740107	a	t	chr6_locus13
6	131876637	rs2781649	a	g	chr6_locus14
6	133800545	rs34950020	a	g	chr6_locus15
6	154986664	rs9397738	a	g	chr6_locus16
6	160628557	rs3119304	t	c	chr6_locus17
7	1286567	rs62435145	t	g	chr7_locus0
7	17287269	rs6968865	a	t	chr7_locus1
7	25791691	rs11768336	t	c	chr7_locus2
7	26577894	rs10241879	a	t	chr7_locus3
7	27238287	rs73073442	t	c	chr7_locus4
7	32930876	rs3750081	t	g	chr7_locus5
7	41058349	rs2158812	t	c	chr7_locus6
7	46753684	rs700753	c	g	chr7_locus7
7	50751250	rs148635648	a	g	chr7_locus8
7	56104388	rs4275190	t	c	chr7_locus9
7	65609817	rs35072105	a	g	chr7_locus10
7	75612803	rs41301394	t	c	chr7_locus11
7	77573156	rs848446	a	g	chr7_locus12
7	101902605	rs59860440	t	c	chr7_locus13
7	113362799	rs13245051	a	g	chr7_locus14
7	127566637	rs9649512	a	g	chr7_locus15
7	128576086	rs3757387	t	c	chr7_locus16
7	129564134	rs62491533	t	c	chr7_locus17
7	150690176	rs3918226	t	c	chr7_locus18
7	151413194	rs10224210	t	c	chr7_locus19
7	155621620	rs288753	a	g	chr7_locus20
8	9173209	rs7012637	a	g	chr8_locus0
8	22519815	rs7005025	a	c	chr8_locus1
8	23748420	rs34861762	t	c	chr8_locus2
8	32399290	rs6468118	c	g	chr8_locus3
8	66692011	rs11557049	t	c	chr8_locus4
8	76483239	rs1913641	t	g	chr8_locus5
8	87332545	rs2953516	t	c	chr8_locus6
8	102683600	rs2096551	c	g	chr8_locus7
8	110107825	rs12544197	a	g	chr8_locus8
8	120886544	rs73703112	t	g	chr8_locus9
8	126476873	rs2954017	t	c	chr8_locus10
8	129916890	rs1519845	a	g	chr8_locus11
8	134332960	rs10283362	t	c	chr8_locus12
8	145018354	rs11786896	t	c	chr8_locus13
9	33127021	rs35559504	a	g	chr9_locus0
9	33818257	rs216364	t	c	chr9_locus1
9	71434465	rs10746942	a	g	chr9_locus2
9	92285323	rs61311941	a	g	chr9_locus3
9	95887320	rs2275848	t	g	chr9_locus4
9	119324929	rs1321917	c	g	chr9_locus5
9	136146597	rs550057	t	c	chr9_locus6
9	136927876	rs7027509	t	c	chr9_locus7
9	139102317	rs61482805	c	g	chr9_locus8
9	140077729	rs28490558	a	g	chr9_locus9
10	899071	rs80282103	a	t	chr10_locus0
10	29781798	rs6481598	c	g	chr10_locus1
10	35059666	rs10827421	t	c	chr10_locus2
10	50957514	rs1258179	a	g	chr10_locus3
10	52646093	rs10821905	a	g	chr10_locus4
10	63785089	rs10821944	t	g	chr10_locus5
10	69965177	rs7475348	t	c	chr10_locus6
10	76030088	rs4376843	c	g	chr10_locus7
10	82201303	rs7087356	a	t	chr10_locus8
10	88845190	rs11202328	t	c	chr10_locus9
10	93797368	rs11186805	a	g	chr10_locus10
10	94839642	rs2068888	a	g	chr10_locus11
10	97276018	rs9663482	c	g	chr10_locus12
10	104573017	rs284859	t	g	chr10_locus13
10	120248713	rs2095567	t	c	chr10_locus14
10	126453481	rs965484	t	c	chr10_locus15
10	131278410	rs1711667	t	g	chr10_locus16
11	408174	rs117739035	t	g	chr11_locus0
11	2179352	rs3842761	c	g	chr11_locus1
11	2798804	rs81205	a	c	chr11_locus2
11	5578434	rs1541939	t	g	chr11_locus3
11	8040323	rs61327861	a	g	chr11_locus4
11	9909127	rs75248620	a	g	chr11_locus5
11	15879946	rs55842281	a	g	chr11_locus6
11	30749090	rs963837	t	c	chr11_locus7
11	47423340	rs10769264	t	c	chr11_locus8
11	50557698	rs11821711	t	c	chr11_locus9
11	51476467	rs4515954	a	c	chr11_locus10
11	55040412	rs77897671	t	c	chr11_locus11
11	57409538	rs1783827	a	g	chr11_locus12
11	65552118	rs948494	a	g	chr11_locus13
11	68883556	rs7131509	t	c	chr11_locus14
11	78023356	rs11237450	a	c	chr11_locus15
11	111223111	rs1042752	a	g	chr11_locus16
11	114032484	rs665731	t	c	chr11_locus17
11	119255795	rs10892358	a	g	chr11_locus18
11	121590615	rs10790454	a	c	chr11_locus19
11	128349430	rs12575164	t	c	chr11_locus20
12	348785	rs11062102	t	c	chr12_locus0
12	3387697	rs16930370	t	c	chr12_locus1
12	4593690	rs11063202	a	g	chr12_locus2
12	12210001	rs11616030	a	c	chr12_locus3
12	15323380	rs12826808	a	t	chr12_locus4
12	48740855	rs2634675	a	g	chr12_locus5
12	50267335	rs836968	t	c	chr12_locus6
12	51209838	rs7966357	c	g	chr12_locus7
12	52314388	rs2277383	t	g	chr12_locus8
12	54030238	rs11170624	t	g	chr12_locus9
12	57728776	rs7397189	t	g	chr12_locus10
12	76271183	rs1275609	a	g	chr12_locus11
12	82174115	rs7963577	t	c	chr12_locus12
12	111932800	rs7137828	t	c	chr12_locus13
12	112553032	rs10850001	a	t	chr12_locus14
12	121416864	rs1800574	t	c	chr12_locus15
13	27749313	rs7983636	a	g	chr13_locus0
13	42749192	rs9590675	t	g	chr13_locus1
13	48648079	rs7324484	a	g	chr13_locus2
13	50655989	rs41284816	t	g	chr13_locus3
13	72372524	rs303937	a	t	chr13_locus4
13	74106939	rs9318186	a	g	chr13_locus5
13	96068204	rs7326821	a	g	chr13_locus6
13	111017784	rs9521719	a	g	chr13_locus7
14	31721103	rs10151563	a	g	chr14_locus0
14	37973353	rs7492724	a	g	chr14_locus1
14	50735947	rs72683923	t	c	chr14_locus2
14	54417522	rs17563	a	g	chr14_locus3
14	73884540	rs10142359	a	g	chr14_locus4
14	88935925	rs2297129	a	g	chr14_locus5
14	93108131	rs1075472	a	g	chr14_locus6
14	96659919	rs11160318	a	g	chr14_locus7
14	100771483	rs12432201	t	c	chr14_locus8
14	102987884	rs12894354	t	c	chr14_locus9
15	39278107	rs11856921	a	c	chr15_locus0
15	41496713	rs2412608	t	c	chr15_locus1
15	45716425	rs2433601	t	c	chr15_locus2
15	53907948	rs17730281	a	g	chr15_locus3
15	57775826	rs12148280	a	g	chr15_locus4
15	62808539	rs956006	t	c	chr15_locus5
15	63580155	rs11071738	t	c	chr15_locus6
15	67494922	rs12148121	t	c	chr15_locus7
15	76304503	rs10851885	a	g	chr15_locus8
15	78998061	rs12907511	c	g	chr15_locus9
15	81165842	rs62035088	a	g	chr15_locus10
15	83514673	rs7178859	t	c	chr15_locus11
15	85191274	rs7169629	c	g	chr15_locus12
15	99276521	rs59646751	t	g	chr15_locus13
16	3738887	rs2072379	t	c	chr16_locus0
16	20392332	rs77924615	a	g	chr16_locus1
16	28871191	rs12448902	c	g	chr16_locus2
16	51735746	rs9932625	a	g	chr16_locus3
16	53203977	rs7196485	t	g	chr16_locus4
16	68363181	rs1111571	a	g	chr16_locus5
16	69763280	rs113441031	t	c	chr16_locus6
16	71754040	rs112175548	t	c	chr16_locus7
16	73024276	rs1858800	t	c	chr16_locus8
16	79942562	rs8058927	a	g	chr16_locus9
16	89708003	rs154656	a	t	chr16_locus10
17	1967501	rs9894634	t	c	chr17_locus0
17	12139964	rs28735420	t	g	chr17_locus1
17	17569286	rs4925095	a	g	chr17_locus2
17	19428610	rs2440164	a	g	chr17_locus3
17	34910357	rs35915570	t	c	chr17_locus4
17	37555627	rs2338796	a	g	chr17_locus5
17	45969808	rs60580012	t	c	chr17_locus6
17	54773238	rs227731	t	g	chr17_locus7
17	59456589	rs9895661	t	c	chr17_locus8
17	65368899	rs12450700	t	g	chr17_locus9
17	66449122	rs883541	a	g	chr17_locus10
17	79527953	rs12449763	a	t	chr17_locus11
18	5586542	rs1719935	a	g	chr18_locus0
18	24449049	rs151245	t	g	chr18_locus1
18	42782952	rs9807214	a	g	chr18_locus2
18	46469664	rs4245230	a	g	chr18_locus3
18	59350507	rs12458009	t	g	chr18_locus4
18	77156537	rs8096658	c	g	chr18_locus5
19	13036677	rs10419627	a	g	chr19_locus0
19	14588476	rs2241358	c	g	chr19_locus1
19	18408519	rs8108623	a	c	chr19_locus2
19	19610596	rs3794991	t	c	chr19_locus3
19	33402419	rs8101667	t	c	chr19_locus4
19	36342212	rs3814995	t	c	chr19_locus5
19	38188233	rs55743020	t	g	chr19_locus6
19	39257977	rs7248248	a	t	chr19_locus7
19	40734673	rs59343080	a	t	chr19_locus8
19	45411941	rs429358	t	c	chr19_locus9
19	49214470	rs281380	t	c	chr19_locus10
19	53357172	rs7259073	t	c	chr19_locus11
20	1333060	rs62187537	t	c	chr20_locus0
20	2800848	rs73077077	a	g	chr20_locus1
20	31925189	rs293736	a	c	chr20_locus2
20	33437621	rs2076668	a	g	chr20_locus3
20	39970385	rs6029640	a	g	chr20_locus4
20	43034016	rs736820	a	g	chr20_locus5
20	52732362	rs17216707	t	c	chr20_locus6
20	56143169	rs2235826	a	t	chr20_locus7
20	57472174	rs1407040	t	c	chr20_locus8
20	60892172	rs2236520	t	c	chr20_locus9
20	62152519	rs72629024	c	g	chr20_locus10
21	16576783	rs2823139	a	g	chr21_locus0
21	35357034	rs2834320	a	g	chr21_locus1
21	37831751	rs219786	t	c	chr21_locus2
22	30388706	rs2007458	a	g	chr22_locus0
22	36543898	rs132639	a	t	chr22_locus1
22	38595260	rs5750561	a	t	chr22_locus2
22	40831888	rs56283550	a	g	chr22_locus3
22	43116985	rs28910285	t	c	chr22_locus4
22	50795620	rs79865452	a	g	chr22_locus5
