gene_symbol	ensembl_gene_id	strongest_pvalue	max_pip	best_consequence_severity	supporting_variant_count	supporting_locus_count	best_variant	gene_prioritization_score	prioritization_reason	locus_id
		1.272e-79	1.0	0.06	361	1	11:30749090:T:C	31.876205155475045	strongest_pvalue=1.272e-79; max_pip=1.0; best_variant=11:30749090:T:C	chr11_locus7
DCDC1	ENSG00000170959	9.768e-23	0.0	0.98	654	1	11:30934274:T:C	8.834077739625268	strongest_pvalue=9.768e-23; max_pip=0.0; best_variant=11:30934274:T:C	chr11_locus7
DNAJC24	ENSG00000170946	4.568e-16	0.0	0.1	59	1	11:31424823:T:C	6.166109561904884	strongest_pvalue=4.568e-16; max_pip=0.0; best_variant=11:31424823:T:C	chr11_locus7
RP5-1024C24.1	ENSG00000254489	1.476e-14	0.0	0.1	77	1	11:30647282:A:G	5.562365457005192	strongest_pvalue=1.476e-14; max_pip=0.0; best_variant=11:30647282:A:G	chr11_locus7
MPPED2	ENSG00000066382	5.044e-10	0.0	0.1	58	1	11:30571347:T:C	3.748889968839582	strongest_pvalue=5.044e-10; max_pip=0.0; best_variant=11:30571347:T:C	chr11_locus7
NRG4	ENSG00000169752	3.231e-54	1.0	0.98	226	1	15:76298132:A:G	21.74526563037114	strongest_pvalue=3.231e-54; max_pip=1.0; best_variant=15:76298132:A:G	chr15_locus8
UBE2Q2	ENSG00000140367	9.857e-53	1.0	0.26	107	1	15:76195940:T:C	21.132502097378218	strongest_pvalue=9.857e-53; max_pip=1.0; best_variant=15:76195940:T:C	chr15_locus8
FBXO22	ENSG00000167196	1.166e-52	1.0	0.22	57	1	15:76200304:A:G	21.103320579830804	strongest_pvalue=1.166e-52; max_pip=1.0; best_variant=15:76200304:A:G	chr15_locus8
C15orf27	ENSG00000169758	9.218000000000001e-32	1.0	0.26	353	1	15:76391829:A:G	12.4441453184846	strongest_pvalue=9.218000000000001e-32; max_pip=1.0; best_variant=15:76391829:A:G	chr15_locus8
		1.438e-27	0.0	0.06	485	1	15:75027880:T:C	10.754896445581256	strongest_pvalue=1.438e-27; max_pip=0.0; best_variant=15:75027880:T:C	chr15_locus8
PTPN9	ENSG00000169410	1.537e-23	0.0	0.22	139	1	15:75862893:T:C	9.1553304530001	strongest_pvalue=1.537e-23; max_pip=0.0; best_variant=15:75862893:T:C	chr15_locus8
SIN3A	ENSG00000169375	1.437e-22	0.0	0.1	76	1	15:75692303:A:C	8.76701729274631	strongest_pvalue=1.437e-22; max_pip=0.0; best_variant=15:75692303:A:C	chr15_locus8
MAN2C1	ENSG00000140400	7.090999999999999e-22	0.0	0.26	11	1	15:75645350:T:C	8.489717005850185	strongest_pvalue=7.090999999999999e-22; max_pip=0.0; best_variant=15:75645350:T:C	chr15_locus8
IMP3	ENSG00000177971	1.596e-21	0.0	0.26	11	1	15:75928192:T:G	8.348786845194116	strongest_pvalue=1.596e-21; max_pip=0.0; best_variant=15:75928192:T:G	chr15_locus8
SNUPN	ENSG00000169371	4.96e-21	0.0	0.26	62	1	15:75885430:A:G	8.139807329403922	strongest_pvalue=4.96e-21; max_pip=0.0; best_variant=15:75885430:A:G	chr15_locus8
CTD-2026K11.2	ENSG00000260206	1.521e-20	0.0	0.1	6	1	15:75926421:T:C	7.957148314378801	strongest_pvalue=1.521e-20; max_pip=0.0; best_variant=15:75926421:T:C	chr15_locus8
SNORD112	ENSG00000252372	2.937e-18	0.0	0.1	20	1	15:76109863:A:G	7.042838421390881	strongest_pvalue=2.937e-18; max_pip=0.0; best_variant=15:76109863:A:G	chr15_locus8
DNM1P34	ENSG00000260357	3.088e-18	0.0	0.1	12	1	15:75595747:T:C	7.034129083334521	strongest_pvalue=3.088e-18; max_pip=0.0; best_variant=15:75595747:T:C	chr15_locus8
COMMD4	ENSG00000140365	7.437e-17	0.0	0.1	19	1	15:75636137:A:G	6.4814408874050065	strongest_pvalue=7.437e-17; max_pip=0.0; best_variant=15:75636137:A:G	chr15_locus8
CYP1A1	ENSG00000140465	2.462e-16	0.0	0.72	14	1	15:75019449:T:C	6.273484780561882	strongest_pvalue=2.462e-16; max_pip=0.0; best_variant=15:75019449:T:C	chr15_locus8
ANP32BP1	ENSG00000259790	3.235e-15	0.0	0.1	17	1	15:75619201:T:C	5.826050285998114	strongest_pvalue=3.235e-15; max_pip=0.0; best_variant=15:75619201:T:C	chr15_locus8
NEIL1	ENSG00000140398	4.432e-14	0.0	0.98	5	1	15:75640423:T:C	5.371360099311851	strongest_pvalue=4.432e-14; max_pip=0.0; best_variant=15:75640423:T:C	chr15_locus8
RP11-24M17.4	ENSG00000260288	4.907e-14	0.0	0.1	22	1	15:76040940:T:C	5.353673576807634	strongest_pvalue=4.907e-14; max_pip=0.0; best_variant=15:76040940:T:C	chr15_locus8
MIR4313	ENSG00000261043	5.124e-14	0.0	0.1	48	1	15:76047489:T:C	5.346156351570941	strongest_pvalue=5.124e-14; max_pip=0.0; best_variant=15:76047489:T:C	chr15_locus8
DNM1P35	ENSG00000246877	5.289e-14	0.0	0.18	33	1	15:76035368:A:G	5.3406505731924065	strongest_pvalue=5.289e-14; max_pip=0.0; best_variant=15:76035368:A:G	chr15_locus8
SNX33	ENSG00000173548	6.508e-14	0.0	0.1	32	1	15:75937669:T:C	5.304620982294072	strongest_pvalue=6.508e-14; max_pip=0.0; best_variant=15:75937669:T:C	chr15_locus8
SCAPER	ENSG00000140386	8.305e-14	0.0	0.98	947	1	15:76704878:T:C	5.262264145285036	strongest_pvalue=8.305e-14; max_pip=0.0; best_variant=15:76704878:T:C	chr15_locus8
ISL2	ENSG00000159556	8.539e-14	0.0	0.26	29	1	15:76638231:T:C	5.2574371945773715	strongest_pvalue=8.539e-14; max_pip=0.0; best_variant=15:76638231:T:C	chr15_locus8
RP11-69H7.2	ENSG00000260660	4.264e-13	0.0	0.1	12	1	15:75529182:A:G	4.978073121592594	strongest_pvalue=4.264e-13; max_pip=0.0; best_variant=15:75529182:A:G	chr15_locus8
ETFA	ENSG00000140374	4.43e-13	0.0	0.26	194	1	15:76513000:T:G	4.971438509510772	strongest_pvalue=4.43e-13; max_pip=0.0; best_variant=15:76513000:T:G	chr15_locus8
ODF3L1	ENSG00000182950	4.787e-13	0.0	0.26	25	1	15:76019017:T:C	4.957974629007221	strongest_pvalue=4.787e-13; max_pip=0.0; best_variant=15:76019017:T:C	chr15_locus8
RP11-24M17.5	ENSG00000187812	5.952e-13	0.0	0.1	53	1	15:76064409:T:C	4.920134830984872	strongest_pvalue=5.952e-13; max_pip=0.0; best_variant=15:76064409:T:C	chr15_locus8
C15orf39	ENSG00000167173	9.577e-12	0.0	0.72	24	1	15:75499995:T:G	4.623508205032	strongest_pvalue=9.577e-12; max_pip=0.0; best_variant=15:75499995:T:G	chr15_locus8
STRA6	ENSG00000137868	1.706e-11	0.0	0.26	60	1	15:74477239:A:G	4.337208389267398	strongest_pvalue=1.706e-11; max_pip=0.0; best_variant=15:74477239:A:G	chr15_locus8
RCN2	ENSG00000117906	6.083e-11	0.0	0.98	47	1	15:77231158:T:C	4.247622729224378	strongest_pvalue=6.083e-11; max_pip=0.0; best_variant=15:77231158:T:C	chr15_locus8
COX5A	ENSG00000178741	3.712e-11	0.0	0.1	48	1	15:75222225:T:C	4.20215681298127	strongest_pvalue=3.712e-11; max_pip=0.0; best_variant=15:75222225:T:C	chr15_locus8
ISLR	ENSG00000129009	5.388e-11	0.0	0.26	32	1	15:74466466:A:G	4.137428965179621	strongest_pvalue=5.388e-11; max_pip=0.0; best_variant=15:74466466:A:G	chr15_locus8
CSPG4	ENSG00000173546	9.245e-11	0.0	0.26	76	1	15:76007483:A:C	4.043637233801924	strongest_pvalue=9.245e-11; max_pip=0.0; best_variant=15:76007483:A:C	chr15_locus8
SEMA7A	ENSG00000138623	3.882e-10	0.0	0.26	79	1	15:74715205:T:C	3.7943777875790627	strongest_pvalue=3.882e-10; max_pip=0.0; best_variant=15:74715205:T:C	chr15_locus8
CCDC33	ENSG00000140481	6.787e-10	0.0	0.72	329	1	15:74525585:T:G	3.6973288603234136	strongest_pvalue=6.787e-10; max_pip=0.0; best_variant=15:74525585:T:G	chr15_locus8
PPCDC	ENSG00000138621	1.071e-09	0.0	0.72	224	1	15:75328595:T:C	3.6180842116672576	strongest_pvalue=1.071e-09; max_pip=0.0; best_variant=15:75328595:T:C	chr15_locus8
CYP11A1	ENSG00000140459	1.279e-08	0.0	0.26	69	1	15:74656895:T:C	3.187251782208538	strongest_pvalue=1.279e-08; max_pip=0.0; best_variant=15:74656895:T:C	chr15_locus8
SNORD77	ENSG00000212279	1.308e-08	0.0	0.1	26	1	15:74782356:A:G	3.1833569024047006	strongest_pvalue=1.308e-08; max_pip=0.0; best_variant=15:74782356:A:G	chr15_locus8
CYP1A2	ENSG00000140505	1.391e-08	0.0	0.26	39	1	15:75052927:A:G	3.160669148003181	strongest_pvalue=1.391e-08; max_pip=0.0; best_variant=15:75052927:A:G	chr15_locus8
SCAMP5	ENSG00000198794	3.855e-08	0.0	0.26	104	1	15:75308650:T:C	2.9955902470452096	strongest_pvalue=3.855e-08; max_pip=0.0; best_variant=15:75308650:T:C	chr15_locus8
RPP25	ENSG00000178718	7.648e-08	0.0	0.1	17	1	15:75242402:T:C	2.864580848292783	strongest_pvalue=7.648e-08; max_pip=0.0; best_variant=15:75242402:T:C	chr15_locus8
DNM1P49	ENSG00000261820	1.037e-07	0.0	0.1	10	1	15:76084875:T:C	2.8116884974443836	strongest_pvalue=1.037e-07; max_pip=0.0; best_variant=15:76084875:T:C	chr15_locus8
RPL36AP45	ENSG00000240366	2.103e-07	0.0	0.1	11	1	15:75475438:T:C	2.688864290925472	strongest_pvalue=2.103e-07; max_pip=0.0; best_variant=15:75475438:T:C	chr15_locus8
UBL7	ENSG00000138629	9.054e-07	0.0	0.26	35	1	15:74734819:T:C	2.4352638039363064	strongest_pvalue=9.054e-07; max_pip=0.0; best_variant=15:74734819:T:C	chr15_locus8
Y_RNA	ENSG00000199580	2.662e-06	0.0	0.1	22	1	15:75276450:T:C	2.2599167795445374	strongest_pvalue=2.662e-06; max_pip=0.0; best_variant=15:75276450:T:C	chr15_locus8
CSK	ENSG00000103653	8.884e-06	0.0	0.26	58	1	15:75086534:T:C	2.0505565800494256	strongest_pvalue=8.884e-06; max_pip=0.0; best_variant=15:75086534:T:C	chr15_locus8
SCAMP2	ENSG00000140497	1.284e-05	0.0	0.26	49	1	15:75149330:T:C	1.9865739905068662	strongest_pvalue=1.284e-05; max_pip=0.0; best_variant=15:75149330:T:C	chr15_locus8
FAM219B	ENSG00000178761	1.843e-05	0.0	0.1	3	1	15:75199892:A:G	1.9237898659123704	strongest_pvalue=1.843e-05; max_pip=0.0; best_variant=15:75199892:A:G	chr15_locus8
MPI	ENSG00000178802	1.878e-05	0.0	0.72	28	1	15:75183935:A:G	1.9205217648279633	strongest_pvalue=1.878e-05; max_pip=0.0; best_variant=15:75183935:A:G	chr15_locus8
ARID3B	ENSG00000179361	3.456e-05	0.0	0.26	88	1	15:74870045:T:G	1.814570506477258	strongest_pvalue=3.456e-05; max_pip=0.0; best_variant=15:74870045:T:G	chr15_locus8
SCARNA20	ENSG00000252722	5.121e-05	0.0	0.1	16	1	15:75416286:A:C	1.7462580896662416	strongest_pvalue=5.121e-05; max_pip=0.0; best_variant=15:75416286:A:C	chr15_locus8
UBL7-AS1	ENSG00000247240	7.706e-05	0.0	0.22	32	1	15:74759376:A:G	1.6752683981292074	strongest_pvalue=7.706e-05; max_pip=0.0; best_variant=15:74759376:A:G	chr15_locus8
RP11-10O17.3	ENSG00000261775	8.665e-05	0.0	0.22	44	1	15:74802457:T:C	1.6548925731800257	strongest_pvalue=8.665e-05; max_pip=0.0; best_variant=15:74802457:T:C	chr15_locus8
CLK3	ENSG00000179335	9.259e-05	0.0	0.72	26	1	15:74899500:T:C	1.643374366361076	strongest_pvalue=9.259e-05; max_pip=0.0; best_variant=15:74899500:T:C	chr15_locus8
EDC3	ENSG00000179151	9.778e-05	0.0	0.1	58	1	15:74991336:A:G	1.6338999868288735	strongest_pvalue=9.778e-05; max_pip=0.0; best_variant=15:74991336:A:G	chr15_locus8
CPLX3	ENSG00000213578	9.732e-05	0.0	0.06	5	1	15:75125645:A:C	1.6227191598964876	strongest_pvalue=9.732e-05; max_pip=0.0; best_variant=15:75125645:A:C	chr15_locus8
LMAN1L	ENSG00000140506	0.0001158	0.0	0.26	39	1	15:75116167:T:C	1.6045165762434332	strongest_pvalue=0.0001158; max_pip=0.0; best_variant=15:75116167:T:C	chr15_locus8
ULK3	ENSG00000140474	0.0001778	0.0	0.72	4	1	15:75129594:A:G	1.566027297346322	strongest_pvalue=0.0001778; max_pip=0.0; best_variant=15:75129594:A:G	chr15_locus8
RP11-151H2.3	ENSG00000261813	0.0008588	0.0	0.1	6	1	15:75269021:A:G	1.2564431856943157	strongest_pvalue=0.0008588; max_pip=0.0; best_variant=15:75269021:A:G	chr15_locus8
RP11-817O13.1	ENSG00000260104	0.01178	0.0	0.1	5	1	15:75542482:A:G	0.8015418838195669	strongest_pvalue=0.01178; max_pip=0.0; best_variant=15:75542482:A:G	chr15_locus8
AC113208.1	ENSG00000264950	0.01807	0.0	0.1	1	1	15:75513545:A:G	0.7272167389756273	strongest_pvalue=0.01807; max_pip=0.0; best_variant=15:75513545:A:G	chr15_locus8
RN7SL319P	ENSG00000241807	0.02112	0.0	0.06	2	1	15:76081200:T:C	0.6881224344552902	strongest_pvalue=0.02112; max_pip=0.0; best_variant=15:76081200:T:C	chr15_locus8
AC019294.1	ENSG00000256530	0.07474	0.0	0.1	1	1	15:76036035:A:G	0.48057876259455246	strongest_pvalue=0.07474; max_pip=0.0; best_variant=15:76036035:A:G	chr15_locus8
GOLGA6C	ENSG00000167195	0.5695	0.0	0.1	1	1	15:75546211:T:C	0.12780250863395234	strongest_pvalue=0.5695; max_pip=0.0; best_variant=15:75546211:T:C	chr15_locus8
GOLGA6D	ENSG00000140478	0.5497	0.0	0.06	1	1	15:75588262:A:G	0.12194970521370779	strongest_pvalue=0.5497; max_pip=0.0; best_variant=15:75588262:A:G	chr15_locus8
BCAS3	ENSG00000141376	1.9709999999999998e-89	1	0.1	917	1	17:59456589:T:C	35.81212535028822	strongest_pvalue=1.9709999999999998e-89; max_pip=1; best_variant=17:59456589:T:C	chr17_locus8
TBX2	ENSG00000121068	4.151e-77	1	0.72	31	1	17:59475642:T:C	30.582738906648594	strongest_pvalue=4.151e-77; max_pip=1; best_variant=17:59475642:T:C	chr17_locus8
		2.019e-47	0	0.06	49	1	17:59496238:T:C	18.695945472422547	strongest_pvalue=2.019e-47; max_pip=0; best_variant=17:59496238:T:C	chr17_locus8
C17orf82	ENSG00000187013	4.611e-28	0	0.1	7	1	17:59492714:A:G	10.964481951112237	strongest_pvalue=4.611e-28; max_pip=0; best_variant=17:59492714:A:G	chr17_locus8
AC079005.1	ENSG00000211515	3.8129999999999995e-23	0	0.1	14	1	17:58885299:A:G	8.99749327789053	strongest_pvalue=3.8129999999999995e-23; max_pip=0; best_variant=17:58885299:A:G	chr17_locus8
TBX4	ENSG00000121075	6.204e-09	0	0.1	9	1	17:59524868:A:G	3.312931284343373	strongest_pvalue=6.204e-09; max_pip=0; best_variant=17:59524868:A:G	chr17_locus8
NFATC1	ENSG00000131196	1.292e-33	1.0	0.26	139	1	18:77162462:A:G	13.485494994536376	strongest_pvalue=1.292e-33; max_pip=1.0; best_variant=18:77162462:A:G	chr18_locus5
		1.339e-12	0.0	0.06	1	1	18:77150335:T:G	4.767287769195196	strongest_pvalue=1.339e-12; max_pip=0.0; best_variant=18:77150335:T:G	chr18_locus5
ALMS1P	ENSG00000163016	5.736999999999999e-66	1.0	0.1	87	1	2:73900900:T:C	26.426526060047028	strongest_pvalue=5.736999999999999e-66; max_pip=1.0; best_variant=2:73900900:T:C	chr2_locus11
		1.4940000000000006e-65	1.0	0.06	217	1	2:73858965:T:C	26.248259761008253	strongest_pvalue=1.4940000000000006e-65; max_pip=1.0; best_variant=2:73858965:T:C	chr2_locus11
NAT8	ENSG00000144035	5.142e-65	1.0	0.72	37	1	2:73868328:A:G	26.231547171077267	strongest_pvalue=5.142e-65; max_pip=1.0; best_variant=2:73868328:A:G	chr2_locus11
ALMS1	ENSG00000116127	4.326e-59	0.999999631846216	0.72	398	1	2:73768232:T:G	23.375565393958773	strongest_pvalue=4.326e-59; max_pip=0.999999631846216; best_variant=2:73768232:T:G	chr2_locus11
AC074008.1	ENSG00000214484	4.629e-43	0.0	0.1	16	1	2:73597024:T:G	16.962720206320537	strongest_pvalue=4.629e-43; max_pip=0.0; best_variant=2:73597024:T:G	chr2_locus11
AC092653.5	ENSG00000204872	1.0920000000000001e-35	0.0	0.1	26	1	2:73923583:T:C	14.002710944652515	strongest_pvalue=1.0920000000000001e-35; max_pip=0.0; best_variant=2:73923583:T:C	chr2_locus11
RP11-434P11.2	ENSG00000273245	5.665e-35	0.0	0.1	11	1	2:73981598:A:G	13.728720034320235	strongest_pvalue=5.665e-35; max_pip=0.0; best_variant=2:73981598:A:G	chr2_locus11
DUSP11	ENSG00000144048	6.016e-35	0.0	0.72	18	1	2:73985167:T:G	13.706276868966567	strongest_pvalue=6.016e-35; max_pip=0.0; best_variant=2:73985167:T:G	chr2_locus11
TPRKB	ENSG00000144034	5.6879999999999995e-33	0.0	0.26	17	1	2:73966087:A:G	12.923464609899485	strongest_pvalue=5.6879999999999995e-33; max_pip=0.0; best_variant=2:73966087:A:G	chr2_locus11
C2orf78	ENSG00000187833	5.1640000000000005e-31	0.0	0.1	10	1	2:74037131:T:G	12.144805506562248	strongest_pvalue=5.1640000000000005e-31; max_pip=0.0; best_variant=2:74037131:T:G	chr2_locus11
RNU6-111P	ENSG00000252988	5.401e-29	0.0	0.06	7	1	2:73529077:A:G	11.325010329087524	strongest_pvalue=5.401e-29; max_pip=0.0; best_variant=2:73529077:A:G	chr2_locus11
STAMBP	ENSG00000124356	1.1399999999999999e-24	0.0	0.26	109	1	2:74051360:A:G	9.607238059465411	strongest_pvalue=1.1399999999999999e-24; max_pip=0.0; best_variant=2:74051360:A:G	chr2_locus11
ACTG2	ENSG00000163017	7.16e-12	0.0	0.22	20	1	2:74120181:A:G	4.524034791076858	strongest_pvalue=7.16e-12; max_pip=0.0; best_variant=2:74120181:A:G	chr2_locus11
RP11-51I5.1	ENSG00000271536	3.057e-11	0.0	0.06	15	1	2:74109339:T:C	4.223881824509564	strongest_pvalue=3.057e-11; max_pip=0.0; best_variant=2:74109339:T:C	chr2_locus11
CPS1	ENSG00000021826	9.203e-91	1	0.26	415	1	2:211540507:A:C	36.39242823118938	strongest_pvalue=9.203e-91; max_pip=1; best_variant=2:211540507:A:C	chr2_locus27
		6.061e-58	1	0.06	1087	1	2:211549856:A:G	22.904982286396	strongest_pvalue=6.061e-58; max_pip=1; best_variant=2:211549856:A:G	chr2_locus27
AC007970.1	ENSG00000234281	1.067e-11	0	0.1	101	1	2:211285730:T:C	4.4187342322302126	strongest_pvalue=1.067e-11; max_pip=0; best_variant=2:211285730:T:C	chr2_locus27
LANCL1	ENSG00000115365	3.297e-11	0	0.22	111	1	2:211298180:T:G	4.222752421142739	strongest_pvalue=3.297e-11; max_pip=0; best_variant=2:211298180:T:G	chr2_locus27
GCKR	ENSG00000084734	5.471999999999999e-66	1.0	0.72	45	1	2:27730940:T:C	26.620741564515097	strongest_pvalue=5.471999999999999e-66; max_pip=1.0; best_variant=2:27730940:T:C	chr2_locus5
SNX17	ENSG00000115234	8.162e-65	0.0	0.26	18	1	2:27598097:T:C	25.665281363825102	strongest_pvalue=8.162e-65; max_pip=0.0; best_variant=2:27598097:T:C	chr2_locus5
		5.724e-50	1.0	0.06	124	1	2:27752871:T:C	19.714920149964907	strongest_pvalue=5.724e-50; max_pip=1.0; best_variant=2:27752871:T:C	chr2_locus5
AC109829.1	ENSG00000233438	4.6050000000000005e-42	0.0	0.1	55	1	2:27766284:A:G	16.564708146186856	strongest_pvalue=4.6050000000000005e-42; max_pip=0.0; best_variant=2:27766284:A:G	chr2_locus5
ZNF512	ENSG00000243943	9.741e-41	1.0	0.72	74	1	2:27801759:A:G	16.490366625614563	strongest_pvalue=9.741e-41; max_pip=1.0; best_variant=2:27801759:A:G	chr2_locus5
GPN1	ENSG00000198522	1.284e-34	0.0	0.26	72	1	2:27851918:A:G	13.598537165218232	strongest_pvalue=1.284e-34; max_pip=0.0; best_variant=2:27851918:A:G	chr2_locus5
PPM1G	ENSG00000115241	4.201e-32	0.0	0.1	38	1	2:27635463:A:G	12.580658927384803	strongest_pvalue=4.201e-32; max_pip=0.0; best_variant=2:27635463:A:G	chr2_locus5
GTF3C2	ENSG00000115207	2.655e-21	0.0	0.26	29	1	2:27556721:A:G	8.260374189833005	strongest_pvalue=2.655e-21; max_pip=0.0; best_variant=2:27556721:A:G	chr2_locus5
IFT172	ENSG00000138002	9.770000000000001e-21	0.0	0.26	65	1	2:27678471:A:G	8.03404217451249	strongest_pvalue=9.770000000000001e-21; max_pip=0.0; best_variant=2:27678471:A:G	chr2_locus5
NRBP1	ENSG00000115216	1.2790000000000001e-20	0.0	0.72	31	1	2:27648726:T:C	7.987251782208539	strongest_pvalue=1.2790000000000001e-20; max_pip=0.0; best_variant=2:27648726:T:C	chr2_locus5
SLC4A1AP	ENSG00000163798	1.7340000000000002e-20	0.0	0.26	56	1	2:27913188:T:C	7.934380362743924	strongest_pvalue=1.7340000000000002e-20; max_pip=0.0; best_variant=2:27913188:T:C	chr2_locus5
AC074091.13	ENSG00000205334	2.11e-20	0.0	0.26	24	1	2:27932587:A:G	7.900287017880924	strongest_pvalue=2.11e-20; max_pip=0.0; best_variant=2:27932587:A:G	chr2_locus5
MPV17	ENSG00000115204	1.887e-18	0.0	0.22	19	1	2:27548038:A:C	7.119691239934029	strongest_pvalue=1.887e-18; max_pip=0.0; best_variant=2:27548038:A:C	chr2_locus5
C2orf16	ENSG00000221843	6.334e-18	0.0	0.1	4	1	2:27796927:A:G	6.909328776385643	strongest_pvalue=6.334e-18; max_pip=0.0; best_variant=2:27796927:A:G	chr2_locus5
CCDC121	ENSG00000176714	2.69e-17	0.0	0.1	2	1	2:27844601:T:G	6.658099087999037	strongest_pvalue=2.69e-17; max_pip=0.0; best_variant=2:27844601:T:G	chr2_locus5
EIF2B4	ENSG00000115211	6.535e-17	0.0	0.26	5	1	2:27586155:A:C	6.503901763233375	strongest_pvalue=6.535e-17; max_pip=0.0; best_variant=2:27586155:A:C	chr2_locus5
ZNF513	ENSG00000163795	8.21e-17	0.0	0.1	5	1	2:27605762:A:G	6.464262737152224	strongest_pvalue=8.21e-17; max_pip=0.0; best_variant=2:27605762:A:G	chr2_locus5
MRPL33	ENSG00000243147	2.58e-16	0.0	0.1	26	1	2:28003174:T:G	6.265352117614708	strongest_pvalue=2.58e-16; max_pip=0.0; best_variant=2:28003174:T:G	chr2_locus5
FNDC4	ENSG00000115226	5.33e-16	0.0	0.1	4	1	2:27721971:T:C	6.139309116389372	strongest_pvalue=5.33e-16; max_pip=0.0; best_variant=2:27721971:T:C	chr2_locus5
SLC5A6	ENSG00000138074	5.044e-15	0.0	0.72	31	1	2:27424636:A:G	5.796889968839583	strongest_pvalue=5.044e-15; max_pip=0.0; best_variant=2:27424636:A:G	chr2_locus5
RBKS	ENSG00000171174	7.136e-15	0.0	0.26	193	1	2:28066122:T:C	5.6886180634527745	strongest_pvalue=7.136e-15; max_pip=0.0; best_variant=2:28066122:T:C	chr2_locus5
SLC30A3	ENSG00000115194	3.72e-14	0.0	0.26	36	1	2:27484620:A:G	5.401782824047241	strongest_pvalue=3.72e-14; max_pip=0.0; best_variant=2:27484620:A:G	chr2_locus5
CAD	ENSG00000084774	5.975e-14	0.0	0.72	91	1	2:27460968:A:G	5.345661923076556	strongest_pvalue=5.975e-14; max_pip=0.0; best_variant=2:27460968:A:G	chr2_locus5
BRE	ENSG00000158019	3.72e-12	0.0	0.1	703	1	2:28443050:T:C	4.601782824047241	strongest_pvalue=3.72e-12; max_pip=0.0; best_variant=2:28443050:T:C	chr2_locus5
DNAJC5G	ENSG00000163793	5.121e-12	0.0	0.26	19	1	2:27509032:T:C	4.546258089666242	strongest_pvalue=5.121e-12; max_pip=0.0; best_variant=2:27509032:T:C	chr2_locus5
TRIM54	ENSG00000138100	5.309e-12	0.0	0.1	26	1	2:27515527:T:C	4.5399949098635375	strongest_pvalue=5.309e-12; max_pip=0.0; best_variant=2:27515527:T:C	chr2_locus5
AC013403.13	ENSG00000236099	1.379e-11	0.0	0.1	17	1	2:27384710:T:C	4.374174293529661	strongest_pvalue=1.379e-11; max_pip=0.0; best_variant=2:27384710:T:C	chr2_locus5
TCF23	ENSG00000163792	6.377e-11	0.0	0.1	24	1	2:27379371:A:G	4.096153433205098	strongest_pvalue=6.377e-11; max_pip=0.0; best_variant=2:27379371:A:G	chr2_locus5
DPYSL5	ENSG00000157851	3.756e-08	0.0	0.26	52	1	2:27153318:A:G	3.0001097665623706	strongest_pvalue=3.756e-08; max_pip=0.0; best_variant=2:27153318:A:G	chr2_locus5
EMILIN1	ENSG00000138080	1.061e-07	0.0	0.1	7	1	2:27301057:T:C	2.8197138464394635	strongest_pvalue=1.061e-07; max_pip=0.0; best_variant=2:27301057:T:C	chr2_locus5
AGBL5	ENSG00000084693	2.319e-07	0.0	0.26	40	1	2:27293982:A:G	2.683879700544805	strongest_pvalue=2.319e-07; max_pip=0.0; best_variant=2:27293982:A:G	chr2_locus5
MAPRE3	ENSG00000084764	3.702e-07	0.0	0.26	61	1	2:27219653:T:C	2.602625434233246	strongest_pvalue=3.702e-07; max_pip=0.0; best_variant=2:27219653:T:C	chr2_locus5
AC013472.4	ENSG00000230286	4.795e-07	0.0	0.1	22	1	2:27187217:A:G	2.557684555397327	strongest_pvalue=4.795e-07; max_pip=0.0; best_variant=2:27187217:A:G	chr2_locus5
CGREF1	ENSG00000138028	5.963e-07	0.0	0.72	39	1	2:27325141:A:G	2.5198140762617043	strongest_pvalue=5.963e-07; max_pip=0.0; best_variant=2:27325141:A:G	chr2_locus5
PREB	ENSG00000138073	4.888e-05	0.0	0.26	20	1	2:27359227:A:C	1.754347521106201	strongest_pvalue=4.888e-05; max_pip=0.0; best_variant=2:27359227:A:C	chr2_locus5
C2orf53	ENSG00000186143	0.0001007	0.0	0.1	9	1	2:27363152:T:G	1.6287882117785528	strongest_pvalue=0.0001007; max_pip=0.0; best_variant=2:27363152:T:G	chr2_locus5
KHK	ENSG00000138030	0.0001427	0.0	0.26	15	1	2:27319068:T:C	1.5682304107541414	strongest_pvalue=0.0001427; max_pip=0.0; best_variant=2:27319068:T:C	chr2_locus5
TMEM214	ENSG00000119777	0.01327	0.0	0.26	8	1	2:27260469:A:G	0.8288516308542258	strongest_pvalue=0.01327; max_pip=0.0; best_variant=2:27260469:A:G	chr2_locus5
ABHD1	ENSG00000143994	0.1115	0.0	0.1	3	1	2:27347931:A:C	0.4110900530463282	strongest_pvalue=0.1115; max_pip=0.0; best_variant=2:27347931:A:C	chr2_locus5
AC074091.1	ENSG00000221531	0.9428	0.0	0.72	1	1	2:27799773:A:C	0.22623217045908553	strongest_pvalue=0.9428; max_pip=0.0; best_variant=2:27799773:A:C	chr2_locus5
SLC34A1	ENSG00000131183	6.612e-94	1	0.26	20	1	5:176815124:T:C	37.649866862040234	strongest_pvalue=6.612e-94; max_pip=1; best_variant=5:176815124:T:C	chr5_locus11
RGS14	ENSG00000169220	3.8269999999999996e-94	0	0.22	34	1	5:176801131:A:C	37.3848566151102	strongest_pvalue=3.8269999999999996e-94; max_pip=0; best_variant=5:176801131:A:C	chr5_locus11
LMAN2	ENSG00000169223	8.641e-40	0	0.26	52	1	5:176782218:T:C	15.655374397945893	strongest_pvalue=8.641e-40; max_pip=0; best_variant=5:176782218:T:C	chr5_locus11
PRELID1	ENSG00000169230	6.919e-22	0	0.26	28	1	5:176733341:A:G	8.493982667758603	strongest_pvalue=6.919e-22; max_pip=0; best_variant=5:176733341:A:G	chr5_locus11
NSD1	ENSG00000165671	5.549e-16	0	0.72	302	1	5:176650489:A:G	6.132314110074335	strongest_pvalue=5.549e-16; max_pip=0; best_variant=5:176650489:A:G	chr5_locus11
		2.222e-15	0	0.06	77	1	5:176530644:A:G	5.879302378158061	strongest_pvalue=2.222e-15; max_pip=0; best_variant=5:176530644:A:G	chr5_locus11
MXD3	ENSG00000213347	3.873e-15	0	0.1	7	1	5:176739110:A:C	5.794781001205568	strongest_pvalue=3.873e-15; max_pip=0; best_variant=5:176739110:A:C	chr5_locus11
F12	ENSG00000131187	9.722e-15	0	0.26	14	1	5:176825069:T:C	5.682897753304592	strongest_pvalue=9.722e-15; max_pip=0; best_variant=5:176825069:T:C	chr5_locus11
FGFR4	ENSG00000160867	2.628e-14	0	0.26	61	1	5:176529458:T:C	5.450149855644903	strongest_pvalue=2.628e-14; max_pip=0; best_variant=5:176529458:T:C	chr5_locus11
GRK6	ENSG00000198055	2.276e-10	0	0.26	27	1	5:176867255:T:C	3.887131096910786	strongest_pvalue=2.276e-10; max_pip=0; best_variant=5:176867255:T:C	chr5_locus11
ZNF346	ENSG00000113761	1.626e-09	0	0.26	90	1	5:176477828:T:C	3.5935517834967805	strongest_pvalue=1.626e-09; max_pip=0; best_variant=5:176477828:T:C	chr5_locus11
DBN1	ENSG00000113758	1.409e-09	0	0.72	33	1	5:176904521:A:G	3.570435602756257	strongest_pvalue=1.409e-09; max_pip=0; best_variant=5:176904521:A:G	chr5_locus11
FAM193B	ENSG00000146067	4.62e-08	0	0.1	2	1	5:176943694:A:G	2.96414320977755	strongest_pvalue=4.62e-08; max_pip=0; best_variant=5:176943694:A:G	chr5_locus11
DOK3	ENSG00000146094	2.255e-05	0	0.26	13	1	5:176938343:A:G	1.8887413815144083	strongest_pvalue=2.255e-05; max_pip=0; best_variant=5:176938343:A:G	chr5_locus11
PDLIM7	ENSG00000196923	3.797e-05	0	0.72	16	1	5:176917764:A:G	1.7982237611440812	strongest_pvalue=3.797e-05; max_pip=0; best_variant=5:176917764:A:G	chr5_locus11
RAB24	ENSG00000169228	0.001859	0	0.06	1	1	5:176723576:A:G	1.1102882440912407	strongest_pvalue=0.001859; max_pip=0; best_variant=5:176723576:A:G	chr5_locus11
PRR7	ENSG00000131188	0.002074	0	0.1	9	1	5:176877110:T:C	1.1032764991787913	strongest_pvalue=0.002074; max_pip=0; best_variant=5:176877110:T:C	chr5_locus11
		7.813e-73	1	0.06	679	1	6:43806609:A:G	29.160872870276172	strongest_pvalue=7.813e-73; max_pip=1; best_variant=6:43806609:A:G	chr6_locus7
RP11-344J7.2	ENSG00000223469	2.312e-47	1	0.1	30	1	6:43815364:A:G	18.685605181235648	strongest_pvalue=2.312e-47; max_pip=1; best_variant=6:43815364:A:G	chr6_locus7
RPS2P28	ENSG00000179157	8.739e-15	0	0.1	15	1	6:43330756:T:C	5.653415304261069	strongest_pvalue=8.739e-15; max_pip=0; best_variant=6:43330756:T:C	chr6_locus7
ZNF318	ENSG00000171467	1.895e-14	0	0.26	59	1	6:43320055:A:C	5.518956314278364	strongest_pvalue=1.895e-14; max_pip=0; best_variant=6:43320055:A:C	chr6_locus7
CRIP3	ENSG00000146215	2.345e-14	0	0.72	18	1	6:43279652:T:C	5.48194286117956	strongest_pvalue=2.345e-14; max_pip=0; best_variant=6:43279652:T:C	chr6_locus7
SLC22A7	ENSG00000137204	1.393e-13	0	0.1	7	1	6:43263473:T:G	5.172419553430415	strongest_pvalue=1.393e-13; max_pip=0; best_variant=6:43263473:T:G	chr6_locus7
RP11-480N24.4	ENSG00000220614	2.82e-13	0	0.1	6	1	6:43293446:A:G	5.049900356672256	strongest_pvalue=2.82e-13; max_pip=0; best_variant=6:43293446:A:G	chr6_locus7
ABCC10	ENSG00000124574	3.207e-13	0	0.72	58	1	6:43395101:A:G	5.027560416028624	strongest_pvalue=3.207e-13; max_pip=0; best_variant=6:43395101:A:G	chr6_locus7
RP5-1120P11.1	ENSG00000237686	8.993e-12	0	0.1	170	1	6:44030011:A:G	4.448438162634616	strongest_pvalue=8.993e-12; max_pip=0; best_variant=6:44030011:A:G	chr6_locus7
TTBK1	ENSG00000146216	1.27e-10	0	0.72	62	1	6:43260660:T:C	3.988478511617617	strongest_pvalue=1.27e-10; max_pip=0; best_variant=6:43260660:T:C	chr6_locus7
RP1-261G23.4	ENSG00000218107	1.768e-09	0	0.1	13	1	6:43679423:A:G	3.531007095729178	strongest_pvalue=1.768e-09; max_pip=0; best_variant=6:43679423:A:G	chr6_locus7
XPO5	ENSG00000124571	5.386e-09	0	0.26	83	1	6:43496662:A:C	3.3854934603698035	strongest_pvalue=5.386e-09; max_pip=0; best_variant=6:43496662:A:C	chr6_locus7
POLH	ENSG00000170734	4.35e-08	0	0.72	46	1	6:43563077:A:G	2.974604297218145	strongest_pvalue=4.35e-08; max_pip=0; best_variant=6:43563077:A:G	chr6_locus7
TJAP1	ENSG00000137221	8.017e-08	0	0.26	66	1	6:43448821:A:G	2.868395246561045	strongest_pvalue=8.017e-08; max_pip=0; best_variant=6:43448821:A:G	chr6_locus7
GTPBP2	ENSG00000172432	4.586e-07	0	0.26	22	1	6:43594459:A:G	2.565426379842432	strongest_pvalue=4.586e-07; max_pip=0; best_variant=6:43594459:A:G	chr6_locus7
RSPH9	ENSG00000172426	5.821e-07	0	0.26	72	1	6:43613180:A:G	2.5240009602860476	strongest_pvalue=5.821e-07; max_pip=0; best_variant=6:43613180:A:G	chr6_locus7
RP1-261G23.5	ENSG00000236961	0.0005241	0	0.1	83	1	6:43693094:T:G	1.3422343361189628	strongest_pvalue=0.0005241; max_pip=0; best_variant=6:43693094:T:G	chr6_locus7
DLK2	ENSG00000171462	0.0009854	0	0.1	9	1	6:43426350:A:G	1.232554976824444	strongest_pvalue=0.0009854; max_pip=0; best_variant=6:43426350:A:G	chr6_locus7
VEGFA	ENSG00000112715	0.003601	0	0.26	63	1	6:43758873:A:G	0.995430751451486	strongest_pvalue=0.003601; max_pip=0; best_variant=6:43758873:A:G	chr6_locus7
C6orf223	ENSG00000181577	0.03482	0	0.72	77	1	6:43968814:A:G	0.6830475359011837	strongest_pvalue=0.03482; max_pip=0; best_variant=6:43968814:A:G	chr6_locus7
MRPS18A	ENSG00000096080	0.02986	0	0.26	57	1	6:43657587:A:G	0.6399640786443974	strongest_pvalue=0.02986; max_pip=0; best_variant=6:43657587:A:G	chr6_locus7
RP11-480N24.3	ENSG00000219222	0.03284	0	0.1	3	1	6:43282831:T:G	0.6234387406210388	strongest_pvalue=0.03284; max_pip=0; best_variant=6:43282831:T:G	chr6_locus7
RNU6-1113P	ENSG00000207076	0.05652	0	0.1	7	1	6:43438121:T:C	0.5291191387293916	strongest_pvalue=0.05652; max_pip=0; best_variant=6:43438121:T:C	chr6_locus7
MAD2L1BP	ENSG00000124688	0.08014	0	0.26	10	1	6:43606389:T:C	0.4684602647613276	strongest_pvalue=0.08014; max_pip=0; best_variant=6:43606389:T:C	chr6_locus7
POLR1C	ENSG00000171453	0.2255	0	0.26	10	1	6:43482799:T:C	0.2887413815144083	strongest_pvalue=0.2255; max_pip=0; best_variant=6:43482799:T:C	chr6_locus7
		2.353e-77	1.0	0.06	109	1	7:1286567:T:G	30.969351229129593	strongest_pvalue=2.353e-77; max_pip=1.0; best_variant=7:1286567:T:G	chr7_locus0
UNCX	ENSG00000164853	2.5420000000000004e-63	1.0	0.1	12	1	7:1281064:A:G	25.05592978151283	strongest_pvalue=2.5420000000000004e-63; max_pip=1.0; best_variant=7:1281064:A:G	chr7_locus0
AC073094.4	ENSG00000233082	6.102e-18	0.0	0.1	23	1	7:1306908:T:C	6.915811118677445	strongest_pvalue=6.102e-18; max_pip=0.0; best_variant=7:1306908:T:C	chr7_locus0
PRKAG2	ENSG00000106617	4.615e-109	1	0.1	288	1	7:151413194:T:C	43.66433131785523	strongest_pvalue=4.615e-109; max_pip=1; best_variant=7:151413194:T:C	chr7_locus19
		8.446e-62	1.0	0.06	312	1	8:23748420:T:C	24.747339569164446	strongest_pvalue=8.446e-62; max_pip=1.0; best_variant=8:23748420:T:C	chr8_locus2
STC1	ENSG00000159167	1.271e-59	1.0	0.1	57	1	8:23714992:A:G	23.888341779778386	strongest_pvalue=1.271e-59; max_pip=1.0; best_variant=8:23714992:A:G	chr8_locus2
RP11-175E9.1	ENSG00000253471	1.553e-26	0.0	0.1	85	1	8:23651415:A:G	10.341531417708579	strongest_pvalue=1.553e-26; max_pip=0.0; best_variant=8:23651415:A:G	chr8_locus2
SNORA67	ENSG00000207027	9.338e-24	0.0	0.1	23	1	8:23664441:T:C	9.241898452162085	strongest_pvalue=9.338e-24; max_pip=0.0; best_variant=8:23664441:T:C	chr8_locus2
AC012119.1	ENSG00000216123	4.149e-23	0.0	0.1	33	1	8:23626952:A:C	8.98282262606841	strongest_pvalue=4.149e-23; max_pip=0.0; best_variant=8:23626952:A:C	chr8_locus2
RP11-175E9.2	ENSG00000271118	0.002522	0.0	0.06	1	1	8:23658629:A:G	1.0573019671051749	strongest_pvalue=0.002522; max_pip=0.0; best_variant=8:23658629:A:G	chr8_locus2
PIP5K1B	ENSG00000107242	7.419e-57	1.0	0.26	747	1	9:71434465:A:G	22.78186185156762	strongest_pvalue=7.419e-57; max_pip=1.0; best_variant=9:71434465:A:G	chr9_locus2
TMEM252	ENSG00000181778	4.66e-15	0.0	0.1	17	1	9:71155006:T:C	5.762645633324	strongest_pvalue=4.66e-15; max_pip=0.0; best_variant=9:71155006:T:C	chr9_locus2
RP11-274B18.4	ENSG00000226337	5.355e-15	0.0	0.1	224	1	9:71172306:A:C	5.73849620993285	strongest_pvalue=5.355e-15; max_pip=0.0; best_variant=9:71172306:A:C	chr9_locus2
PGM5	ENSG00000154330	1.224e-12	0.0	0.22	188	1	9:71138056:T:C	4.794887432876183	strongest_pvalue=1.224e-12; max_pip=0.0; best_variant=9:71138056:T:C	chr9_locus2
		2.367e-07	0.0	0.06	104	1	9:71274606:T:C	2.668320696828367	strongest_pvalue=2.367e-07; max_pip=0.0; best_variant=9:71274606:T:C	chr9_locus2
